property_type,floor,residence_status,registration_status,area_sqft,bedrooms,bathrooms,swimming_pool,parking_space,furnished,furniture_available,locality_score,access_main_road,shopping_complex,local_market,previous_price,price,future_trend
Villa,0,Residence,Registrable,122458,4,5,1,1,1,1,2,0,0,0,6594499,6741852,Up
Building,16,Non-Residence,Registrable,671655,7,2,1,0,0,0,10,0,0,1,34374027,34462153,Up
Building,14,Non-Residence,Registrable,132432,5,7,0,7,1,0,10,0,1,0,7508416,7650704,Up
Apartment,22,Residence,Registrable,366338,10,3,1,6,0,1,7,0,0,0,19402292,19522335,Up
Apartment,1,Non-Residence,Registrable,259678,14,4,0,6,1,0,6,0,1,0,13965828,14071438,Up
House,3,Non-Residence,Documented,644667,4,3,1,3,0,0,8,0,0,0,32776954,32850879,Up
Apartment,26,Residence,Registrable,110768,2,3,1,8,1,0,7,0,0,1,6445729,6532005,Up
Empty Land,0,Non-Residence,Registrable,732680,4,4,0,5,1,0,10,1,0,1,37263789,37337478,Up
Building,4,Non-Residence,Registrable,55386,12,5,0,1,1,0,8,1,1,0,3647883,3761825,Up
House,1,Non-Residence,Registrable,137837,2,1,1,0,1,1,3,0,0,1,7266952,7371098,Up
Empty Land,0,Non-Residence,Registrable,521930,8,4,1,0,0,1,6,0,0,0,26806353,26871591,Up
Apartment,24,Non-Residence,Documented,87998,3,8,0,8,0,0,7,0,0,1,5259302,5369726,Up
Apartment,19,Residence,Documented,175703,9,7,0,3,0,1,10,1,0,1,9843228,9918035,Up
Villa,0,Residence,Documented,191835,13,9,0,4,1,0,1,0,1,1,10496621,10621078,Up
House,2,Residence,Registrable,278667,4,5,0,2,1,1,1,0,0,0,14470393,14531597,Up
Empty Land,0,Residence,Registrable,41590,13,4,0,3,1,0,7,0,1,1,2900161,3015406,Up
Flat,22,Residence,Documented,329865,6,8,1,7,1,0,3,1,1,0,17538790,17627357,Up
Apartment,12,Non-Residence,Documented,65320,10,9,1,3,1,0,3,1,0,1,4351715,4437412,Up
Farm House,0,Non-Residence,Documented,322379,5,7,1,8,0,0,5,1,0,0,16866870,17007299,Up
Farm House,0,Residence,Documented,718815,10,7,1,8,0,1,6,0,1,1,36963373,37014903,Up
Apartment,28,Residence,Registrable,327569,13,5,0,5,0,1,2,0,1,0,17447886,17594663,Up
Flat,4,Residence,Documented,199541,1,4,0,1,1,1,3,1,1,0,10349432,10423729,Up
Building,7,Non-Residence,Registrable,103855,9,1,0,9,1,0,6,0,0,0,5993036,6117874,Up
Farm House,0,Non-Residence,Documented,236296,1,7,1,6,1,1,3,1,0,1,12475200,12574106,Up
Empty Land,0,Non-Residence,Registrable,214676,8,1,0,8,1,1,5,1,1,0,11436937,11553188,Up
Apartment,17,Non-Residence,Registrable,185279,9,1,0,5,1,0,9,0,1,1,10078493,10203562,Up
Apartment,1,Non-Residence,Registrable,347949,9,5,1,2,1,0,3,0,1,0,18132609,18243357,Up
Apartment,14,Non-Residence,Documented,422409,1,9,1,6,1,0,6,0,0,0,21985862,22076157,Up
Flat,15,Residence,Registrable,259295,2,6,1,4,0,1,5,0,0,0,13660837,13763301,Up
Building,12,Non-Residence,Registrable,486732,12,3,0,0,0,1,5,1,1,1,25240361,25297584,Up
House,2,Residence,Documented,500686,13,3,0,2,1,0,6,1,0,1,25859845,25923266,Up
Apartment,26,Residence,Documented,157230,1,7,1,4,1,1,6,1,1,1,8717701,8860933,Up
House,3,Non-Residence,Documented,385181,10,6,1,6,1,0,1,1,0,1,20186385,20250451,Up
Empty Land,0,Non-Residence,Documented,150003,2,9,0,2,0,1,9,1,1,1,8090113,8161689,Up
Empty Land,0,Non-Residence,Documented,655311,10,6,1,5,0,0,5,1,0,1,33597447,33729568,Up
Empty Land,0,Non-Residence,Documented,527535,12,5,0,4,1,1,1,0,0,1,27254152,27306292,Up
Farm House,0,Non-Residence,Registrable,648643,8,7,1,0,0,1,8,1,0,0,33233358,33342374,Up
Empty Land,0,Non-Residence,Registrable,452866,5,1,1,9,0,1,7,0,0,0,23310456,23401834,Up
Apartment,29,Non-Residence,Documented,66225,12,7,1,5,0,0,7,0,0,1,4689873,4747243,Up
Flat,13,Non-Residence,Documented,130481,11,3,0,7,1,0,5,1,0,1,7458855,7560605,Up
Flat,16,Residence,Registrable,85154,7,9,0,0,0,0,1,1,0,1,5009563,5154615,Up
Building,14,Residence,Registrable,592223,2,6,1,1,0,1,9,0,1,1,30319598,30381620,Up
Flat,7,Non-Residence,Registrable,319530,8,9,0,3,1,0,9,0,1,1,16885704,16994926,Up
Farm House,0,Residence,Documented,329447,11,5,1,1,1,1,8,1,1,0,17458751,17527079,Up
House,1,Non-Residence,Registrable,556339,6,7,1,8,0,0,5,1,0,1,28686945,28739874,Up
Building,16,Residence,Registrable,274038,8,4,0,9,1,0,3,0,0,1,14607127,14700854,Up
Flat,23,Residence,Documented,331736,1,7,0,7,0,1,8,1,0,1,17400494,17519413,Up
Empty Land,0,Non-Residence,Documented,528678,1,1,0,7,0,1,1,1,1,0,26692967,26795659,Up
Flat,9,Non-Residence,Documented,566394,12,7,0,3,1,0,3,1,1,0,29299986,29399531,Up
Villa,0,Non-Residence,Registrable,489992,7,8,1,4,1,0,7,1,1,0,25296367,25439335,Up
Building,14,Residence,Documented,257340,8,5,0,3,0,1,4,1,1,0,13617364,13744011,Up
Apartment,25,Residence,Registrable,473754,13,2,0,8,1,1,7,0,1,1,24907930,25006268,Up
Apartment,24,Non-Residence,Registrable,349957,3,5,1,1,1,0,5,1,1,0,18249559,18359521,Up
Farm House,0,Residence,Documented,666487,5,6,1,7,0,1,6,1,0,0,34072348,34219783,Up
Flat,7,Non-Residence,Registrable,271436,12,2,1,1,0,0,7,0,1,0,14419475,14492636,Up
Flat,12,Residence,Documented,240431,1,6,1,0,0,0,10,0,0,0,12689541,12748364,Up
Farm House,0,Non-Residence,Documented,240129,7,6,0,9,0,0,7,1,1,0,12765920,12908888,Up
House,3,Residence,Documented,205541,5,1,0,2,0,1,7,1,1,1,10774815,10857904,Up
Empty Land,0,Non-Residence,Documented,698861,8,1,1,8,0,0,7,0,0,0,35648688,35759538,Up
Empty Land,0,Non-Residence,Registrable,732412,13,3,1,2,1,0,7,1,0,0,37550638,37621691,Up
House,3,Non-Residence,Documented,417613,8,3,0,8,1,1,3,1,0,0,21605323,21672770,Up
House,2,Residence,Registrable,68648,9,4,0,6,0,1,3,1,1,1,4080418,4220259,Up
Villa,0,Non-Residence,Registrable,649031,7,2,0,9,1,1,7,0,1,1,33276842,33329953,Up
Farm House,0,Residence,Documented,252495,11,9,0,0,1,0,2,1,0,1,13411541,13520361,Up
Building,19,Non-Residence,Registrable,679343,1,7,0,9,0,1,2,1,1,1,34634598,34777627,Up
Empty Land,0,Non-Residence,Documented,573343,13,7,1,4,1,1,3,0,0,1,29647415,29773936,Up
House,3,Non-Residence,Documented,257008,3,6,1,8,1,0,4,1,1,1,13615775,13734397,Up
House,1,Residence,Documented,107030,8,3,1,2,0,0,6,1,1,1,6004722,6107685,Up
Farm House,0,Residence,Registrable,604865,3,6,1,8,1,0,8,1,1,1,31052473,31154976,Up
Apartment,23,Residence,Documented,460837,8,8,0,4,1,0,10,1,0,0,24102095,24241095,Up
Building,13,Non-Residence,Documented,725339,1,8,1,8,0,1,10,0,1,0,37169722,37261640,Up
House,2,Residence,Registrable,460273,5,9,0,9,1,0,7,0,0,1,23845688,23967556,Up
Apartment,7,Non-Residence,Documented,208761,4,1,0,5,1,1,4,1,0,0,10991903,11084445,Up
Villa,0,Non-Residence,Documented,341597,5,1,0,8,1,0,2,1,0,1,17575883,17694595,Up
Building,17,Non-Residence,Documented,315639,8,3,0,6,0,0,2,1,0,0,16608449,16660865,Up
Apartment,16,Non-Residence,Documented,172329,10,3,0,6,0,1,4,1,0,0,9526396,9616832,Up
Villa,0,Non-Residence,Documented,272336,14,8,0,7,1,1,6,0,0,1,14685616,14809803,Up
Flat,8,Residence,Documented,439474,4,1,0,6,1,1,3,0,0,0,22569176,22629662,Up
Empty Land,0,Residence,Registrable,202783,11,2,1,8,0,0,6,0,0,1,11076542,11145237,Up
House,1,Non-Residence,Documented,197269,4,2,0,8,0,0,5,1,0,1,10436657,10487886,Up
Apartment,13,Non-Residence,Documented,561853,3,3,1,5,1,1,5,1,1,0,28818500,28935566,Up
Building,11,Residence,Documented,223665,7,6,1,6,0,1,2,1,0,1,12025610,12117957,Up
Villa,0,Non-Residence,Documented,624087,3,1,0,1,1,0,8,0,1,0,31577366,31628729,Up
Empty Land,0,Non-Residence,Registrable,536322,12,2,0,8,1,1,5,0,0,0,27639005,27771377,Up
Empty Land,0,Non-Residence,Documented,488379,3,1,1,0,0,1,2,0,1,1,24758730,24894554,Up
House,2,Non-Residence,Registrable,565185,11,5,1,0,0,0,7,0,1,1,29083776,29221692,Up
Apartment,5,Residence,Documented,354031,10,7,1,2,1,1,9,0,1,1,18777112,18872981,Up
Empty Land,0,Non-Residence,Documented,263660,5,8,1,5,1,0,9,1,1,1,14048027,14147756,Up
House,2,Residence,Registrable,580379,5,1,0,4,0,0,1,1,1,1,29463603,29533906,Up
Apartment,20,Residence,Registrable,221384,14,7,0,1,1,0,7,1,1,0,12242095,12364948,Up
Apartment,14,Residence,Documented,23747,6,5,0,8,0,1,9,0,0,1,2133945,2187209,Up
Flat,12,Residence,Documented,24800,8,1,1,9,0,1,6,1,0,0,2200155,2268470,Up
House,1,Non-Residence,Documented,467781,10,3,0,3,0,1,1,1,0,1,24002400,24130629,Up
Farm House,0,Non-Residence,Documented,607586,6,7,1,3,0,1,2,0,0,0,31040082,31172184,Up
Villa,0,Non-Residence,Documented,534056,12,1,0,4,0,0,4,0,0,0,27358390,27468911,Up
Farm House,0,Residence,Documented,349451,1,7,1,7,1,0,4,0,0,0,18087678,18162489,Up
Apartment,4,Residence,Registrable,274829,8,5,0,9,0,1,2,1,1,0,14493793,14577198,Up
Apartment,7,Residence,Documented,719564,8,1,0,3,0,1,8,0,0,0,36624922,36727079,Up
Empty Land,0,Non-Residence,Documented,742639,9,1,1,4,0,1,2,1,1,1,37779242,37889065,Up
Empty Land,0,Non-Residence,Documented,432815,9,1,1,3,0,1,3,1,1,0,22327917,22397773,Up
Empty Land,0,Non-Residence,Registrable,517088,2,9,1,5,0,0,4,0,1,1,26487425,26630327,Up
Apartment,11,Residence,Registrable,237084,2,3,1,2,0,1,9,1,1,0,12500173,12597143,Up
House,2,Residence,Registrable,562832,3,5,1,7,0,0,10,0,1,1,28855797,28956584,Up
Building,4,Non-Residence,Documented,377396,1,9,0,5,1,1,1,0,1,0,19391121,19517295,Up
House,3,Residence,Registrable,49484,4,6,1,9,1,1,8,1,0,0,3288595,3424947,Up
Villa,0,Residence,Documented,303418,14,9,0,4,1,1,5,1,1,1,16324992,16395590,Up
House,1,Non-Residence,Documented,265212,4,8,0,1,1,0,7,1,1,1,13898437,13990978,Up
Empty Land,0,Residence,Documented,120651,14,8,0,9,0,1,8,0,0,0,7173453,7234105,Up
Flat,15,Residence,Documented,456308,9,1,0,9,1,0,5,1,0,0,23680060,23747023,Up
Villa,0,Non-Residence,Documented,134267,9,9,0,6,0,0,8,0,0,1,7603436,7685659,Up
Farm House,0,Residence,Documented,649163,9,6,1,1,1,1,10,0,0,0,33402906,33483930,Up
Flat,20,Residence,Documented,704050,10,9,1,0,1,0,8,1,0,0,36399225,36453166,Up
Villa,0,Residence,Registrable,136830,7,3,0,6,0,0,9,1,0,1,7511040,7634963,Up
Villa,0,Residence,Registrable,481254,14,3,0,4,0,0,2,1,0,0,24759707,24883767,Up
Apartment,22,Non-Residence,Registrable,302148,2,6,1,0,1,1,3,1,1,0,15808048,15899665,Up
Empty Land,0,Non-Residence,Documented,689019,10,9,1,3,1,0,1,0,0,1,35342580,35483395,Up
Apartment,24,Residence,Registrable,14486,5,7,0,3,1,0,4,1,1,0,1531012,1635716,Up
Farm House,0,Non-Residence,Documented,586646,4,3,1,9,1,1,5,0,0,1,30086047,30162072,Up
House,1,Non-Residence,Registrable,129812,12,3,1,6,0,1,1,1,0,1,7374329,7507501,Up
Apartment,25,Non-Residence,Registrable,13166,11,2,1,8,1,0,8,1,1,0,1867867,1961091,Up
Farm House,0,Residence,Documented,301304,8,9,0,1,1,0,2,1,0,0,15778048,15841325,Up
Empty Land,0,Residence,Registrable,135133,2,3,1,0,1,0,1,0,0,1,7134397,7233115,Up
Empty Land,0,Non-Residence,Documented,289498,6,5,0,1,1,0,2,1,0,1,15002614,15093609,Up
Apartment,5,Non-Residence,Registrable,629276,13,9,0,6,1,1,5,0,0,0,32612321,32669860,Up
Empty Land,0,Non-Residence,Registrable,708111,5,8,0,9,0,1,9,1,0,1,36214108,36296961,Up
Flat,14,Non-Residence,Registrable,285306,12,2,0,5,0,0,9,1,0,0,15244344,15321155,Up
Farm House,0,Residence,Documented,31035,2,3,0,3,0,1,2,0,0,1,1816970,1959434,Up
Farm House,0,Non-Residence,Documented,376213,11,2,1,0,0,0,2,0,1,1,19494325,19551234,Up
Villa,0,Residence,Registrable,351779,10,8,0,0,0,1,3,1,0,1,18307292,18450897,Up
Building,18,Residence,Registrable,602161,1,6,0,4,1,1,7,1,1,0,30771219,30874652,Up
House,3,Residence,Documented,648472,8,6,0,0,0,0,3,0,1,1,33050256,33146340,Up
Empty Land,0,Residence,Registrable,490070,2,9,1,6,0,0,1,1,1,1,25068830,25192399,Up
Farm House,0,Residence,Registrable,457051,7,8,1,0,1,0,6,0,1,1,23670787,23777603,Up
Farm House,0,Residence,Documented,273609,9,4,1,0,0,0,3,1,1,1,14399290,14460038,Up
Villa,0,Residence,Registrable,25038,9,4,1,1,0,1,1,0,1,0,1885708,2006310,Up
House,2,Non-Residence,Registrable,202164,8,9,1,9,0,1,4,0,1,1,11108587,11221052,Up
Building,16,Residence,Documented,491734,11,1,1,2,0,0,1,0,0,0,25360846,25460254,Up
Building,14,Non-Residence,Documented,139682,14,2,1,0,1,1,1,0,0,1,7954115,8016113,Up
Empty Land,0,Non-Residence,Documented,473025,12,2,0,8,1,1,2,0,0,1,24507850,24571614,Up
Building,16,Non-Residence,Documented,158838,10,6,0,9,0,0,10,1,1,0,8979362,9129113,Up
Building,11,Non-Residence,Registrable,184564,9,4,1,7,1,0,8,1,0,0,10229315,10324694,Up
Apartment,28,Non-Residence,Documented,214520,2,3,0,4,0,1,2,1,1,1,11270284,11401678,Up
House,1,Residence,Documented,623594,6,3,0,1,1,0,2,1,1,1,31625464,31735052,Up
House,3,Residence,Registrable,615770,4,3,1,4,1,0,10,1,0,1,31436684,31569297,Up
Apartment,23,Non-Residence,Documented,646414,14,6,0,5,1,1,10,1,1,0,33587400,33699798,Up
Empty Land,0,Non-Residence,Documented,119676,4,8,0,0,1,1,8,1,1,1,6551466,6677259,Up
Farm House,0,Non-Residence,Registrable,218626,5,7,1,3,1,0,6,1,0,0,11642984,11740194,Up
Villa,0,Residence,Documented,219469,12,4,0,8,1,1,4,1,1,1,11957105,12051665,Up
Empty Land,0,Non-Residence,Documented,122909,3,4,1,1,1,0,3,0,0,0,6629451,6748652,Up
Flat,23,Residence,Registrable,548207,14,2,1,4,1,0,1,0,1,0,28577379,28644113,Up
Building,5,Residence,Documented,254118,1,1,0,0,1,1,3,1,1,0,12966966,13091342,Up
Apartment,3,Non-Residence,Documented,50515,8,9,0,3,1,1,9,0,0,1,3366050,3493648,Up
Villa,0,Residence,Registrable,122596,5,2,0,3,1,0,5,1,0,1,6577572,6700152,Up
Farm House,0,Residence,Registrable,631847,3,8,1,5,0,0,6,0,0,0,32287494,32339557,Up
Farm House,0,Residence,Documented,185840,10,9,1,9,1,0,5,0,1,0,10388571,10460884,Up
House,1,Non-Residence,Documented,111187,14,4,1,8,0,1,1,0,1,0,6609143,6686230,Up
Flat,15,Non-Residence,Documented,411857,7,8,0,2,1,0,10,1,0,1,21509437,21605216,Up
Farm House,0,Non-Residence,Registrable,736216,7,9,0,8,0,1,1,1,0,1,37561455,37651636,Up
Flat,23,Non-Residence,Documented,106378,1,5,1,5,0,0,4,1,0,1,6023137,6091342,Up
Building,5,Non-Residence,Documented,727770,12,7,0,6,0,1,3,1,1,0,37387472,37449936,Up
House,2,Non-Residence,Registrable,198786,9,4,0,9,1,0,8,0,1,1,10828088,10905220,Up
Villa,0,Non-Residence,Documented,165399,2,1,1,1,1,1,7,1,0,1,8671899,8772636,Up
House,3,Non-Residence,Documented,325267,5,3,1,9,1,0,7,0,0,1,17007669,17126954,Up
Building,6,Residence,Documented,380489,13,5,0,5,1,0,8,1,0,0,19980257,20094806,Up
Apartment,23,Non-Residence,Registrable,416015,14,3,1,5,0,0,10,0,1,1,22061607,22146913,Up
Farm House,0,Residence,Registrable,44085,5,7,0,1,1,0,7,0,0,1,2806451,2882043,Up
Flat,14,Residence,Documented,371869,14,9,1,1,1,1,10,0,0,1,19846954,19980941,Up
Apartment,24,Non-Residence,Documented,64544,8,6,1,1,1,1,2,0,0,1,4205148,4348942,Up
Building,2,Residence,Registrable,442796,14,1,1,9,1,1,4,1,1,1,23219424,23314182,Up
Farm House,0,Residence,Documented,110056,8,7,0,0,1,1,6,1,1,0,6203872,6352264,Up
Empty Land,0,Non-Residence,Registrable,527481,14,3,0,4,1,1,3,0,0,0,27181665,27318822,Up
Flat,18,Residence,Registrable,200735,7,5,1,7,1,0,3,1,1,0,11072269,11128846,Up
Building,6,Non-Residence,Registrable,26439,7,4,1,1,1,1,6,1,0,0,2003731,2138961,Up
Villa,0,Residence,Registrable,153406,12,5,1,4,0,1,1,0,0,1,8619657,8677920,Up
Villa,0,Residence,Registrable,542835,11,5,0,7,0,1,1,1,0,1,27903527,28036268,Up
Farm House,0,Non-Residence,Documented,288749,6,6,1,9,1,1,5,1,0,0,15323011,15381083,Up
Farm House,0,Residence,Registrable,76266,6,6,1,4,1,0,1,1,1,0,4442348,4553162,Up
Villa,0,Residence,Documented,409423,11,8,1,1,1,0,10,0,0,0,21463962,21559268,Up
Empty Land,0,Non-Residence,Documented,415692,9,8,1,2,1,0,8,1,0,1,21777758,21833449,Up
House,1,Non-Residence,Documented,569050,6,9,0,5,0,0,2,0,1,1,29118069,29255718,Up
Villa,0,Residence,Registrable,387761,12,8,0,4,0,1,6,0,0,1,20366400,20418353,Up
Farm House,0,Residence,Documented,685940,13,2,1,3,1,1,10,0,1,0,35218204,35338703,Up
Farm House,0,Non-Residence,Documented,653164,13,1,0,3,0,0,10,1,0,0,33349891,33493296,Up
Empty Land,0,Residence,Documented,455089,2,2,0,4,0,0,5,1,0,0,23042516,23169497,Up
Villa,0,Non-Residence,Registrable,138348,2,2,0,1,1,1,10,1,0,1,7374283,7462042,Up
Empty Land,0,Non-Residence,Documented,617575,13,3,1,8,1,1,4,0,0,1,31949456,32019641,Up
Villa,0,Non-Residence,Registrable,128448,5,7,0,1,1,0,1,1,1,0,6871849,6995832,Up
House,2,Residence,Registrable,579804,4,2,0,9,0,0,3,0,0,0,29436201,29520900,Up
Building,17,Residence,Documented,403190,11,1,0,1,0,0,4,1,1,1,20872186,21021362,Up
Villa,0,Residence,Documented,499546,2,6,1,9,1,0,2,0,1,1,25574006,25697496,Up
Building,11,Non-Residence,Registrable,451769,3,9,1,8,1,1,2,1,1,0,23521897,23625636,Up
Villa,0,Residence,Registrable,22459,7,3,0,2,0,1,2,1,0,0,1593937,1699568,Up
House,1,Non-Residence,Documented,661390,8,6,0,9,0,1,1,1,1,1,33904329,33972274,Up
Apartment,10,Residence,Documented,229076,12,3,1,6,1,0,10,0,1,0,12575164,12663458,Up
Farm House,0,Non-Residence,Documented,538333,13,1,1,3,0,1,2,0,1,0,27777042,27839962,Up
Building,9,Non-Residence,Documented,166338,6,5,0,5,1,1,6,1,0,1,9003084,9148604,Up
Empty Land,0,Residence,Documented,336174,11,4,0,3,1,0,3,0,0,0,17555635,17659244,Up
Villa,0,Non-Residence,Registrable,61587,5,7,1,9,0,0,10,0,1,1,3888633,4009729,Up
Farm House,0,Residence,Registrable,593628,13,6,1,6,0,0,5,0,1,0,30660073,30790998,Up
Villa,0,Residence,Registrable,118951,1,7,0,0,0,0,1,1,0,1,6217212,6329570,Up
Empty Land,0,Residence,Registrable,448100,8,5,1,2,1,0,8,1,1,0,23189308,23263573,Up
House,2,Residence,Registrable,440292,3,4,0,2,1,0,4,1,1,0,22393764,22517015,Up
Flat,1,Residence,Documented,39853,6,7,0,0,1,1,9,0,1,0,2681148,2815752,Up
Villa,0,Non-Residence,Registrable,193575,3,7,0,5,1,1,4,1,0,1,10330980,10390418,Up
Apartment,27,Residence,Documented,214783,7,6,1,8,1,1,2,0,1,0,11829999,11950778,Up
Empty Land,0,Non-Residence,Registrable,315377,13,8,0,7,1,1,3,0,1,0,16827508,16906137,Up
Flat,24,Residence,Registrable,65818,14,4,0,6,0,1,5,1,0,1,4399402,4511844,Up
Villa,0,Non-Residence,Documented,483190,7,5,1,9,1,1,10,1,1,0,25121255,25175340,Up
Building,18,Non-Residence,Registrable,417380,12,4,1,7,1,0,6,1,0,1,22024188,22157114,Up
Farm House,0,Residence,Registrable,591960,9,1,0,5,1,0,7,0,0,1,30272929,30347442,Up
Farm House,0,Non-Residence,Registrable,741476,5,8,0,8,1,0,4,0,0,1,37782205,37892289,Up
Empty Land,0,Residence,Registrable,93764,8,1,1,2,0,1,7,1,1,0,5292231,5428461,Up
Building,12,Residence,Documented,225781,10,5,1,9,1,1,10,0,1,1,12474723,12588328,Up
House,2,Residence,Registrable,637647,10,6,1,9,0,0,3,1,1,0,32799286,32910952,Up
Flat,1,Non-Residence,Registrable,394570,8,6,0,8,0,0,7,1,1,1,20478214,20608634,Up
Empty Land,0,Non-Residence,Registrable,352728,1,5,0,3,1,0,4,1,1,0,18017708,18136120,Up
Apartment,1,Non-Residence,Registrable,432339,12,3,0,6,1,0,8,1,1,1,22523706,22665449,Up
Villa,0,Non-Residence,Registrable,270036,5,5,1,8,0,0,9,1,1,1,14303336,14404514,Up
Farm House,0,Residence,Registrable,318324,3,8,0,1,0,1,7,1,1,0,16450812,16571904,Up
Villa,0,Residence,Registrable,257926,1,2,1,1,1,1,8,0,0,1,13277927,13413954,Up
Flat,25,Non-Residence,Registrable,178289,4,6,0,8,0,1,8,0,1,0,9856968,9944977,Up
Building,1,Non-Residence,Documented,513653,8,9,1,2,1,0,2,1,1,1,26481820,26595796,Up
Building,12,Residence,Documented,742952,3,8,0,8,1,1,9,1,0,0,38051201,38133426,Up
Empty Land,0,Non-Residence,Documented,126157,10,8,0,4,0,0,6,0,1,1,7161963,7250400,Up
Empty Land,0,Residence,Registrable,235667,2,8,1,5,1,1,4,0,0,1,12477500,12598435,Up
Building,7,Non-Residence,Registrable,682169,11,7,1,1,1,0,5,1,1,0,35160182,35223830,Up
Empty Land,0,Non-Residence,Documented,481171,9,8,0,7,1,0,10,1,1,1,25031545,25177968,Up
Building,4,Non-Residence,Documented,719594,10,6,1,8,0,1,5,0,0,0,36987328,37080264,Up
Flat,21,Residence,Documented,70967,5,2,1,1,0,1,7,1,0,0,4300618,4390881,Up
Empty Land,0,Residence,Documented,184234,14,2,0,5,0,1,9,0,1,1,10157107,10255480,Up
Building,4,Non-Residence,Registrable,623294,7,8,1,5,1,1,7,1,0,1,32089820,32192634,Up
Empty Land,0,Non-Residence,Documented,110251,11,1,0,7,0,1,9,0,1,1,6342794,6457931,Up
Villa,0,Non-Residence,Registrable,381550,11,6,0,9,0,0,4,1,1,0,19918209,20055549,Up
Farm House,0,Non-Residence,Documented,693017,2,6,1,4,0,1,10,1,1,0,35249675,35396130,Up
Villa,0,Non-Residence,Registrable,461579,9,4,1,8,1,1,10,1,1,1,24122912,24219884,Up
House,2,Non-Residence,Registrable,368952,13,3,0,0,1,0,4,0,1,0,19265050,19343197,Up
Building,15,Non-Residence,Registrable,106581,9,3,0,8,0,1,6,1,1,1,6278159,6347454,Up
House,3,Non-Residence,Registrable,613833,4,1,0,9,0,0,8,0,0,1,31221880,31278777,Up
Building,1,Residence,Documented,559486,4,3,0,6,0,1,9,0,0,1,28533107,28659919,Up
Farm House,0,Residence,Registrable,110578,6,4,0,3,1,1,1,0,0,0,6068383,6156636,Up
Empty Land,0,Residence,Registrable,23171,10,5,0,2,0,0,1,0,1,0,1786803,1842641,Up
Building,6,Residence,Documented,418900,10,3,1,9,1,1,8,1,0,1,21927240,22059933,Up
Villa,0,Non-Residence,Documented,356028,10,6,1,5,1,1,7,1,1,0,18734597,18852277,Up
Empty Land,0,Residence,Documented,610990,6,5,1,0,1,1,9,1,0,1,31234139,31364081,Up
Farm House,0,Residence,Documented,52163,12,3,0,2,0,1,3,0,1,1,3304255,3380669,Up
Villa,0,Non-Residence,Registrable,16208,1,6,1,1,0,0,10,1,1,0,1355004,1443752,Up
Empty Land,0,Residence,Documented,312455,14,6,0,8,1,0,5,0,1,1,16619944,16731101,Up
Building,14,Residence,Registrable,134383,14,8,0,2,1,1,3,0,1,1,7835315,7914798,Up
Building,14,Residence,Documented,318894,9,2,1,1,1,1,5,0,1,1,16850735,16912248,Up
Villa,0,Residence,Registrable,113047,2,1,0,3,1,0,10,1,0,1,6084798,6190347,Up
Flat,10,Residence,Documented,559542,5,4,0,1,0,0,1,0,1,1,28475121,28569923,Up
Building,7,Non-Residence,Documented,142983,9,7,0,0,0,1,4,1,0,0,7907179,7983630,Up
Flat,23,Non-Residence,Documented,658771,4,3,0,5,1,0,6,1,1,0,33676658,33767567,Up
Empty Land,0,Non-Residence,Documented,215335,11,3,0,9,1,0,2,1,1,1,11624636,11722727,Up
Flat,24,Residence,Registrable,402396,3,5,0,7,1,0,7,0,1,0,20921664,21024053,Up
Villa,0,Residence,Documented,85396,7,5,1,9,0,0,8,1,0,1,5158550,5249513,Up
House,3,Residence,Registrable,477595,6,3,0,9,1,1,1,0,1,1,24571983,24676717,Up
House,2,Non-Residence,Registrable,71795,8,9,0,1,0,0,4,0,0,1,4228466,4366674,Up
Villa,0,Residence,Documented,744474,3,4,0,8,1,1,4,0,1,1,37745397,37873564,Up
Apartment,12,Residence,Documented,273755,5,3,0,2,0,1,5,0,0,0,14189734,14305243,Up
House,3,Residence,Registrable,300148,10,2,1,7,0,0,4,1,0,0,15780446,15862737,Up
Villa,0,Residence,Registrable,657662,4,9,1,7,1,1,9,1,0,1,33834564,33906381,Up
Building,19,Non-Residence,Registrable,8655,13,4,0,2,0,1,7,1,1,0,1396817,1523785,Up
Flat,9,Non-Residence,Registrable,467372,4,3,0,2,0,0,2,1,1,1,23817967,23952454,Up
House,3,Residence,Registrable,375205,4,7,0,5,0,0,1,0,0,0,19270902,19394568,Up
Building,4,Non-Residence,Documented,572042,10,8,1,0,0,0,9,0,1,1,29532762,29671434,Up
House,1,Non-Residence,Documented,610769,8,2,1,3,1,1,1,0,1,1,31225775,31278334,Up
Empty Land,0,Non-Residence,Registrable,555094,6,7,1,0,1,1,6,0,1,1,28494030,28558774,Up
Villa,0,Residence,Documented,148218,3,5,1,2,1,1,2,1,0,0,8002630,8083785,Up
Villa,0,Non-Residence,Registrable,309487,10,5,0,8,1,1,4,1,0,0,16340236,16411257,Up
Building,10,Non-Residence,Documented,645763,5,3,1,4,1,0,6,0,1,1,33028143,33160675,Up
Apartment,14,Residence,Registrable,359245,6,5,1,4,0,1,5,0,0,0,18728976,18835874,Up
Empty Land,0,Non-Residence,Documented,108012,5,2,0,3,0,0,6,0,1,0,5815302,5944025,Up
Flat,6,Non-Residence,Documented,147943,6,4,0,2,0,0,3,0,1,0,7888370,7989406,Up
Empty Land,0,Non-Residence,Registrable,471087,8,6,1,4,0,0,5,1,0,0,24276629,24379805,Up
Apartment,28,Residence,Documented,374116,7,1,1,3,1,0,2,0,0,0,19488595,19596994,Up
Empty Land,0,Residence,Registrable,657909,5,4,1,7,1,1,7,1,1,0,33664066,33732072,Up
Farm House,0,Non-Residence,Registrable,687476,10,6,1,3,0,0,3,1,1,0,35189413,35321324,Up
Flat,28,Residence,Documented,366371,6,9,0,7,1,1,1,0,1,0,19352085,19454519,Up
Flat,8,Residence,Registrable,375537,14,2,0,5,0,0,8,0,0,0,19674262,19819956,Up
Empty Land,0,Residence,Documented,118296,4,7,1,4,0,0,8,1,0,0,6551696,6666287,Up
House,3,Non-Residence,Documented,292499,12,6,1,3,1,0,3,1,1,0,15587498,15640567,Up
Farm House,0,Non-Residence,Registrable,193006,9,2,1,3,1,1,7,0,1,0,10425099,10481585,Up
House,1,Residence,Documented,698876,13,8,1,3,1,0,9,1,0,0,36018849,36152024,Up
Empty Land,0,Non-Residence,Registrable,270044,4,7,1,8,1,0,8,0,1,1,14327847,14443236,Up
House,2,Residence,Registrable,380502,1,5,0,3,1,0,3,0,0,1,19426898,19512326,Up
Flat,22,Residence,Documented,698502,7,5,0,8,1,0,2,1,0,0,35825294,35904094,Up
Flat,5,Non-Residence,Registrable,539939,7,7,0,9,1,1,10,1,1,0,27938235,28079389,Up
House,1,Residence,Documented,591478,4,9,1,5,0,1,7,0,1,0,30373147,30460367,Up
Flat,5,Residence,Documented,529287,13,9,1,9,1,0,7,0,0,1,27721110,27827364,Up
Villa,0,Residence,Registrable,531083,14,9,0,6,0,0,9,1,1,1,27732790,27794659,Up
Flat,9,Residence,Documented,388715,3,6,0,9,0,1,5,1,0,0,20186884,20241060,Up
Empty Land,0,Non-Residence,Registrable,321684,8,6,1,2,1,1,4,1,0,0,16918801,17005255,Up
Building,9,Residence,Registrable,423015,5,3,0,7,0,1,8,1,0,0,21803988,21946004,Up
House,3,Non-Residence,Registrable,668734,10,1,1,2,1,0,4,0,1,0,34106781,34253817,Up
Farm House,0,Residence,Registrable,378980,7,7,1,0,0,1,4,0,1,0,19629821,19750594,Up
Apartment,9,Non-Residence,Documented,33211,4,4,0,9,0,0,2,0,1,1,2325213,2401666,Up
House,1,Residence,Registrable,501657,4,1,0,4,0,1,1,1,0,0,25449672,25556485,Up
Apartment,14,Residence,Registrable,184923,8,8,0,1,1,1,4,1,0,1,10115042,10231368,Up
Apartment,6,Non-Residence,Registrable,516849,14,6,1,9,0,0,7,0,0,0,27026245,27123840,Up
Flat,22,Non-Residence,Documented,704214,8,6,1,5,0,1,9,1,0,0,36302000,36393184,Up
Flat,20,Residence,Documented,658417,2,2,0,9,0,0,9,1,1,1,33601252,33703438,Up
Building,8,Residence,Registrable,737878,14,1,1,8,1,1,10,1,1,1,38021912,38152202,Up
Building,2,Residence,Documented,133772,2,2,1,0,0,0,1,1,1,0,6960757,7089360,Up
Farm House,0,Residence,Documented,702835,3,4,1,3,1,1,5,1,0,1,35708375,35774984,Up
Empty Land,0,Residence,Registrable,643909,12,2,0,0,0,1,7,1,0,0,32793427,32936944,Up
Villa,0,Non-Residence,Registrable,78005,12,1,1,0,0,0,7,0,1,1,4614776,4749875,Up
Empty Land,0,Non-Residence,Documented,3369,3,7,0,7,0,0,10,0,0,1,743150,867689,Up
Farm House,0,Residence,Documented,454851,1,8,0,1,1,0,6,0,1,0,23235516,23312584,Up
House,1,Non-Residence,Documented,312752,14,6,1,0,0,0,10,0,0,0,16661407,16758403,Up
Flat,17,Non-Residence,Registrable,637084,3,4,0,7,0,1,4,1,0,1,32513077,32624523,Up
Empty Land,0,Residence,Documented,618967,6,6,1,3,0,1,3,0,0,0,31546137,31665896,Up
Apartment,10,Non-Residence,Documented,90772,8,3,0,2,0,1,9,0,0,1,5203639,5343079,Up
Flat,14,Residence,Documented,38967,13,8,0,3,1,1,10,0,0,1,3152953,3239787,Up
Flat,18,Non-Residence,Documented,480547,12,2,1,4,0,1,4,0,1,0,25060471,25131217,Up
Empty Land,0,Non-Residence,Registrable,659847,14,5,0,0,0,1,8,1,1,1,33800067,33947007,Up
Empty Land,0,Non-Residence,Registrable,59371,10,1,0,0,0,0,1,1,1,0,3500132,3571539,Up
Apartment,1,Non-Residence,Registrable,128891,6,6,0,2,0,1,7,0,0,0,6980580,7116809,Up
Apartment,22,Non-Residence,Documented,439930,5,2,1,5,1,1,6,0,1,1,22801595,22950145,Up
Building,2,Residence,Registrable,611204,4,4,1,0,0,0,1,1,1,0,30970217,31107874,Up
Farm House,0,Non-Residence,Documented,257187,3,6,0,1,0,1,4,1,0,1,13345576,13421979,Up
Farm House,0,Residence,Documented,725951,13,8,0,6,1,1,5,0,0,1,37410183,37471820,Up
Apartment,28,Non-Residence,Registrable,107950,4,8,0,0,0,1,8,1,1,0,6307940,6366552,Up
Villa,0,Non-Residence,Documented,172390,14,6,1,6,0,0,4,1,1,0,9644122,9724532,Up
Apartment,4,Non-Residence,Documented,439241,7,4,1,3,0,0,3,0,1,1,22713309,22768469,Up
Building,13,Residence,Documented,282474,1,8,0,9,1,1,2,1,1,0,14874722,14984830,Up
Villa,0,Non-Residence,Registrable,400609,7,8,1,5,0,0,4,0,1,1,20775776,20925451,Up
Empty Land,0,Non-Residence,Registrable,116881,1,1,1,7,1,1,10,0,0,1,6417326,6475054,Up
Farm House,0,Residence,Registrable,473625,2,4,1,8,1,1,4,1,1,1,24259646,24379420,Up
Farm House,0,Residence,Registrable,572121,4,4,1,5,1,1,10,1,1,1,29341244,29483544,Up
Villa,0,Residence,Registrable,135008,1,7,0,8,1,0,5,1,1,1,7274648,7388242,Up
House,1,Non-Residence,Registrable,730150,11,7,1,3,1,1,7,1,1,0,37605647,37674111,Up
Building,10,Non-Residence,Registrable,399611,12,8,1,5,1,1,9,1,1,1,21244674,21326617,Up
Building,17,Non-Residence,Registrable,151310,11,5,0,7,1,1,2,1,1,1,8648370,8729208,Up
Building,11,Non-Residence,Registrable,293390,11,7,0,8,0,1,5,0,0,1,15755203,15811122,Up
Farm House,0,Residence,Registrable,574165,9,8,1,2,0,1,10,1,0,1,29652353,29739445,Up
Flat,5,Residence,Documented,360532,12,9,1,1,1,0,9,0,0,1,19179369,19237166,Up
Farm House,0,Non-Residence,Registrable,370099,6,3,0,5,1,1,3,1,1,1,19050799,19152686,Up
Flat,15,Residence,Documented,661460,13,3,0,3,1,0,1,1,1,0,33938255,34076258,Up
Farm House,0,Residence,Documented,172336,1,4,0,0,1,1,2,1,0,0,8904332,9043604,Up
Empty Land,0,Residence,Registrable,730403,1,5,1,7,1,0,6,1,1,1,37094068,37218625,Up
Farm House,0,Non-Residence,Registrable,46214,6,1,1,8,1,1,5,1,1,1,3072153,3125211,Up
Empty Land,0,Residence,Documented,627734,4,7,0,8,0,1,1,0,1,1,31916329,32040906,Up
Flat,4,Non-Residence,Registrable,630771,4,9,1,1,0,0,1,0,0,0,32096209,32212898,Up
Building,7,Non-Residence,Registrable,467460,11,8,0,8,1,0,4,0,0,1,24386500,24514057,Up
Flat,10,Non-Residence,Documented,712351,6,5,1,6,1,1,4,1,0,1,36501373,36578631,Up
Villa,0,Residence,Registrable,124623,14,4,0,4,1,0,6,1,1,1,7208999,7278358,Up
Building,4,Residence,Registrable,306128,12,7,0,6,0,0,6,1,0,1,16204540,16346254,Up
Farm House,0,Residence,Documented,83489,11,5,1,8,1,1,10,0,0,1,5274568,5337482,Up
Farm House,0,Residence,Documented,298856,7,7,1,7,0,1,6,0,0,1,15854943,15912479,Up
Farm House,0,Non-Residence,Documented,178774,9,1,1,5,0,1,1,1,1,0,9567901,9672972,Up
Farm House,0,Non-Residence,Registrable,688495,10,1,1,3,0,1,10,0,0,1,35211111,35294859,Up
Farm House,0,Non-Residence,Documented,325852,5,3,1,0,1,1,9,1,0,1,16933822,17023270,Up
Flat,20,Residence,Registrable,412427,9,2,1,5,1,0,7,1,1,1,21635240,21731372,Up
Apartment,26,Residence,Registrable,131873,4,2,0,2,0,1,7,0,0,1,7193166,7319188,Up
Empty Land,0,Residence,Registrable,438952,13,7,1,5,0,0,7,0,1,1,23049453,23101837,Up
Apartment,5,Non-Residence,Documented,115794,10,2,0,5,0,1,2,0,1,1,6449921,6544233,Up
Flat,5,Non-Residence,Registrable,459951,2,4,0,3,0,1,2,0,0,1,23402555,23528878,Up
House,3,Residence,Registrable,648807,3,2,1,1,1,0,6,1,0,1,32960866,33045000,Up
Apartment,19,Non-Residence,Documented,66226,13,6,0,8,0,1,7,1,0,1,4509131,4642313,Up
Flat,5,Non-Residence,Documented,142064,11,8,0,1,1,0,3,0,1,0,7907443,8017563,Up
Building,8,Residence,Registrable,378312,1,4,1,2,0,0,4,0,0,0,19372808,19483400,Up
Farm House,0,Residence,Documented,268746,14,5,1,9,1,0,3,0,0,0,14496881,14618604,Up
Flat,7,Non-Residence,Registrable,706196,14,4,1,0,0,1,7,0,0,1,36247588,36371619,Up
Apartment,8,Residence,Registrable,118515,6,3,0,6,1,1,7,1,1,0,6663056,6722941,Up
Empty Land,0,Non-Residence,Registrable,741174,13,5,1,0,1,1,4,1,1,0,37976499,38045199,Up
Apartment,13,Residence,Documented,254579,6,9,1,8,1,1,7,1,1,0,13881933,13946951,Up
Farm House,0,Non-Residence,Documented,551429,1,8,1,0,0,1,5,1,0,0,27988154,28134118,Up
Apartment,5,Residence,Registrable,690444,11,8,1,4,1,1,1,1,0,1,35466355,35610962,Up
Villa,0,Residence,Registrable,688605,13,8,0,6,0,0,10,1,1,0,35520017,35627078,Up
House,3,Residence,Registrable,514258,3,8,1,2,1,1,4,1,0,0,26380826,26462148,Up
Building,18,Non-Residence,Registrable,366390,5,7,0,8,1,1,7,0,0,1,19264371,19364444,Up
Empty Land,0,Non-Residence,Documented,445601,3,8,1,7,0,1,2,1,1,0,22964269,23086919,Up
House,1,Residence,Documented,37131,10,8,0,2,1,1,2,0,1,1,2705628,2827738,Up
Flat,2,Non-Residence,Documented,73491,3,8,0,4,1,0,1,0,1,0,4197624,4272620,Up
House,2,Non-Residence,Documented,4514,14,7,0,6,0,0,2,0,0,0,1164802,1307092,Up
Farm House,0,Residence,Documented,273737,10,1,1,3,1,0,10,1,0,0,14514669,14634014,Up
Farm House,0,Residence,Registrable,18570,3,4,0,4,1,0,8,1,0,1,1435003,1531307,Up
Villa,0,Residence,Documented,57458,5,4,1,2,1,0,8,1,1,0,3528773,3661859,Up
House,1,Non-Residence,Registrable,82574,13,5,1,8,1,1,8,1,1,0,5307484,5386733,Up
Apartment,28,Residence,Registrable,535517,5,6,1,9,0,0,1,0,0,1,27684113,27821062,Up
House,2,Non-Residence,Documented,176589,4,4,1,8,1,0,1,1,1,0,9408853,9529076,Up
Farm House,0,Non-Residence,Documented,197892,1,2,1,6,1,1,10,0,1,0,10482747,10553870,Up
Flat,3,Non-Residence,Registrable,159323,5,6,0,9,1,1,4,1,0,0,8713822,8796917,Up
Flat,17,Residence,Registrable,630652,10,8,1,1,1,0,6,1,1,0,32591134,32734105,Up
Building,13,Residence,Registrable,393502,5,8,0,6,1,1,8,0,0,0,20480234,20617392,Up
Apartment,6,Non-Residence,Documented,733929,4,7,0,6,1,1,2,0,1,1,37320488,37446309,Up
Apartment,28,Non-Residence,Documented,499363,6,6,0,4,1,0,3,0,0,1,25828550,25938735,Up
Flat,8,Residence,Documented,368154,10,2,0,8,1,1,6,1,1,1,19304580,19445043,Up
House,1,Residence,Documented,579536,4,7,0,2,0,0,10,1,0,0,29506735,29610619,Up
Villa,0,Residence,Registrable,530589,14,5,0,3,0,0,4,0,1,0,27453782,27509073,Up
Flat,29,Residence,Documented,150762,7,6,0,0,0,1,2,1,1,0,8328187,8419380,Up
Apartment,6,Residence,Registrable,443405,7,8,1,5,0,0,7,0,1,0,23125608,23178730,Up
Apartment,28,Residence,Documented,235862,2,8,0,3,1,0,4,1,1,0,12657001,12711877,Up
Farm House,0,Residence,Documented,444709,3,3,1,0,1,1,8,0,1,1,22699949,22834597,Up
Farm House,0,Residence,Documented,554380,1,7,0,1,0,1,8,0,0,1,28164692,28289352,Up
Building,16,Residence,Registrable,664576,8,1,0,2,0,1,7,1,0,1,33948818,34055965,Up
Building,6,Non-Residence,Registrable,220463,9,1,0,8,0,1,10,0,0,0,11819961,11871784,Up
House,1,Residence,Documented,481261,4,7,0,7,1,0,9,1,1,1,24818948,24921600,Up
Flat,21,Residence,Registrable,249210,6,9,1,6,1,1,4,1,0,1,13518069,13626273,Up
Flat,3,Non-Residence,Registrable,221484,9,7,1,3,0,1,7,0,1,1,11961699,12062081,Up
Building,12,Residence,Documented,265012,6,5,1,0,0,0,10,0,1,1,14086809,14147196,Up
Flat,25,Residence,Documented,602363,14,8,0,7,0,0,10,1,0,0,31376650,31526430,Up
House,1,Non-Residence,Registrable,269299,12,2,0,3,0,0,1,1,0,0,14108368,14209543,Up
Villa,0,Residence,Documented,238049,12,9,0,2,0,0,4,0,1,1,12784025,12853005,Up
Farm House,0,Non-Residence,Registrable,594819,12,6,1,8,1,1,2,0,1,1,30813147,30887371,Up
House,3,Non-Residence,Registrable,484799,9,9,0,9,0,1,9,0,0,1,25338301,25395422,Up
Flat,6,Residence,Documented,612710,4,2,1,3,1,0,5,1,0,1,31184866,31302832,Up
House,1,Non-Residence,Registrable,449482,8,3,1,3,0,0,3,1,1,1,23105198,23228688,Up
Farm House,0,Non-Residence,Documented,124546,9,8,0,8,0,0,4,1,1,1,7163032,7224913,Up
Empty Land,0,Non-Residence,Registrable,407119,4,1,0,1,1,0,6,0,0,1,20646134,20778587,Up
Apartment,7,Non-Residence,Registrable,32597,5,7,1,4,0,1,10,0,1,1,2502165,2635341,Up
Farm House,0,Residence,Registrable,666826,14,7,1,3,1,0,1,1,1,1,34406907,34507716,Up
Apartment,11,Non-Residence,Registrable,649650,8,1,1,8,1,1,7,1,0,0,33366037,33493658,Up
Farm House,0,Non-Residence,Registrable,230729,12,9,0,4,0,0,8,0,0,1,12463453,12605248,Up
Empty Land,0,Residence,Registrable,119334,10,8,0,8,0,1,7,1,1,0,6950738,7023835,Up
Flat,9,Non-Residence,Documented,94348,14,4,0,8,1,1,7,0,1,0,5855577,5908555,Up
Flat,16,Residence,Registrable,53421,6,5,0,1,1,1,9,0,0,1,3535314,3589646,Up
Villa,0,Non-Residence,Registrable,705586,12,2,0,8,0,1,4,0,1,1,36055192,36190765,Up
Farm House,0,Residence,Registrable,650929,7,9,0,2,1,0,7,1,0,0,33334442,33399531,Up
House,1,Non-Residence,Documented,706160,3,6,1,3,0,1,9,1,1,0,35963182,36069986,Up
Villa,0,Residence,Registrable,285321,7,3,1,0,1,0,5,0,0,1,14867254,14982006,Up
Flat,15,Non-Residence,Registrable,56109,12,7,1,0,0,1,2,0,1,0,3832244,3905728,Up
Flat,21,Residence,Registrable,228397,14,9,0,0,1,1,5,1,1,1,12657928,12768336,Up
Building,4,Residence,Documented,31524,8,3,1,8,1,0,4,0,1,1,2395348,2524892,Up
Villa,0,Residence,Documented,70813,10,2,0,7,0,0,8,1,0,0,4263787,4367805,Up
Flat,5,Residence,Documented,390457,6,7,0,4,1,1,5,1,0,1,20354040,20422188,Up
Empty Land,0,Residence,Registrable,184578,10,7,1,4,1,1,9,1,0,0,10246133,10299963,Up
Apartment,7,Non-Residence,Registrable,357929,9,4,0,8,1,0,9,0,1,1,18827697,18946191,Up
Building,3,Non-Residence,Registrable,461743,13,9,1,2,1,1,3,0,1,1,24215842,24291840,Up
House,1,Residence,Documented,114132,6,8,1,2,1,0,10,0,0,0,6496031,6613107,Up
Apartment,15,Residence,Registrable,251951,12,1,0,6,1,0,6,0,0,0,13494534,13575211,Up
Building,2,Non-Residence,Documented,3551,9,1,1,8,1,0,6,1,1,1,1029638,1108739,Up
Farm House,0,Non-Residence,Documented,704607,13,5,1,5,0,1,4,0,1,1,36221354,36278407,Up
Farm House,0,Residence,Registrable,377336,4,6,1,1,1,1,10,1,1,0,19656906,19712576,Up
House,1,Non-Residence,Registrable,612023,8,3,1,0,1,0,3,0,1,1,31330655,31390936,Up
Empty Land,0,Residence,Documented,722272,11,9,0,1,0,0,1,0,0,0,36810255,36943913,Up
House,1,Residence,Registrable,189907,4,6,1,0,1,0,7,0,0,0,10083997,10187338,Up
Villa,0,Residence,Documented,449895,2,4,1,9,1,0,5,0,1,0,23054172,23172241,Up
Apartment,7,Non-Residence,Documented,463394,10,7,1,9,0,1,10,0,1,1,24384103,24444859,Up
House,2,Residence,Registrable,212310,11,8,0,8,1,0,7,1,1,0,11618835,11733910,Up
House,1,Non-Residence,Registrable,728475,9,9,1,9,1,1,1,0,0,1,37478197,37582618,Up
Building,8,Non-Residence,Registrable,74023,5,6,0,7,0,0,8,0,0,0,4423071,4533179,Up
Empty Land,0,Non-Residence,Registrable,94976,4,6,1,6,0,1,3,0,1,1,5429315,5544638,Up
House,1,Non-Residence,Registrable,234341,2,8,1,2,1,1,7,0,1,1,12340794,12481404,Up
Villa,0,Residence,Registrable,223366,1,5,1,7,1,1,3,0,1,0,11733291,11867629,Up
Building,10,Residence,Registrable,87172,11,3,0,1,0,1,3,1,1,0,5017246,5160104,Up
Empty Land,0,Non-Residence,Documented,598635,7,3,0,1,1,1,10,0,1,0,30638663,30705711,Up
Empty Land,0,Residence,Registrable,345394,6,6,0,9,0,0,9,1,1,1,18016905,18119511,Up
Flat,11,Non-Residence,Registrable,735494,2,2,0,2,0,0,2,0,0,1,37149030,37208906,Up
Farm House,0,Residence,Registrable,28751,8,6,0,6,0,1,4,1,0,1,2209757,2317832,Up
Apartment,1,Residence,Registrable,628269,11,6,0,0,1,0,6,0,0,0,32185504,32250675,Up
Villa,0,Residence,Documented,375210,4,8,1,7,0,0,3,0,1,0,19509805,19602009,Up
Farm House,0,Residence,Registrable,550733,8,7,0,6,0,0,10,1,1,0,28444216,28499382,Up
Building,15,Residence,Documented,32717,7,8,1,3,0,0,10,0,1,0,2569238,2695140,Up
Building,8,Residence,Documented,8808,5,9,0,4,1,0,7,1,0,0,1225266,1361060,Up
Villa,0,Non-Residence,Documented,268593,10,6,0,9,1,0,7,0,1,1,14328188,14421922,Up
Empty Land,0,Residence,Documented,183562,10,3,0,0,1,0,5,1,0,0,9730722,9859241,Up
House,3,Residence,Documented,394866,12,3,1,3,0,1,3,1,1,1,20587029,20728280,Up
Villa,0,Residence,Registrable,745340,8,1,0,0,1,0,2,1,1,0,37677546,37824167,Up
Building,12,Non-Residence,Documented,100735,14,5,0,0,1,0,4,0,1,0,5946987,6061428,Up
Farm House,0,Residence,Documented,75240,9,4,1,9,0,0,4,1,0,0,4621619,4716697,Up
Apartment,6,Residence,Registrable,378996,5,9,1,0,0,1,8,0,0,0,19703093,19780871,Up
Villa,0,Residence,Documented,177747,10,9,1,6,1,1,8,1,0,0,9927544,10054470,Up
Empty Land,0,Non-Residence,Registrable,663665,5,5,1,6,1,0,5,1,1,1,33983803,34054727,Up
Apartment,10,Residence,Registrable,530025,2,4,0,3,0,1,6,1,0,0,26969551,27065383,Up
Apartment,24,Non-Residence,Registrable,20556,5,7,1,1,1,1,8,0,1,1,1960187,2076430,Up
Apartment,5,Non-Residence,Registrable,177115,3,6,0,2,0,0,1,0,1,1,9326465,9401513,Up
Flat,24,Residence,Documented,188128,7,4,0,7,0,1,5,0,0,1,10353129,10435944,Up
Apartment,7,Residence,Documented,639336,10,2,1,7,1,0,4,1,0,1,32891981,32976663,Up
Flat,7,Non-Residence,Documented,374132,5,1,0,5,1,1,4,0,1,0,19294419,19361908,Up
House,3,Non-Residence,Registrable,134915,8,4,1,9,1,0,2,0,1,0,7546470,7655704,Up
House,1,Residence,Registrable,407216,1,4,0,8,1,1,10,1,1,0,20963310,21071011,Up
Apartment,22,Residence,Registrable,446938,3,1,1,8,0,0,1,1,1,0,23057736,23124687,Up
Empty Land,0,Non-Residence,Documented,554163,3,6,1,3,1,0,6,0,0,0,28259751,28359769,Up
Farm House,0,Non-Residence,Registrable,665522,9,4,1,0,1,1,7,0,0,1,34123069,34184521,Up
House,2,Non-Residence,Documented,541752,5,1,1,0,1,0,5,0,0,0,27601705,27680340,Up
Flat,27,Non-Residence,Documented,638217,12,1,1,9,0,0,8,1,1,0,33089797,33238080,Up
Empty Land,0,Residence,Registrable,253264,9,1,1,4,1,1,9,1,1,1,13424210,13573542,Up
Apartment,9,Non-Residence,Registrable,715498,13,8,0,1,1,0,2,1,1,0,36726340,36804273,Up
Empty Land,0,Residence,Registrable,467382,9,8,0,5,0,0,4,1,0,0,24115967,24200548,Up
Empty Land,0,Non-Residence,Registrable,740927,1,2,0,6,0,1,9,1,1,1,37478018,37566299,Up
Villa,0,Non-Residence,Registrable,512653,2,7,1,0,0,0,5,0,1,0,26117673,26188860,Up
Farm House,0,Residence,Documented,67715,5,8,0,5,0,1,3,0,0,1,4018207,4091160,Up
Apartment,15,Residence,Documented,144856,4,8,1,7,0,0,6,0,0,1,8169029,8252847,Up
Farm House,0,Residence,Registrable,204361,10,7,0,4,1,1,3,1,1,0,11057376,11132078,Up
House,2,Residence,Registrable,356112,9,5,0,6,0,1,5,1,0,1,18647622,18703900,Up
Farm House,0,Non-Residence,Registrable,455105,7,1,1,9,0,0,3,0,1,0,23399053,23493619,Up
Building,16,Residence,Documented,9935,6,9,0,5,0,1,6,0,0,0,1391763,1501485,Up
Flat,7,Residence,Documented,448056,7,7,0,3,0,0,10,0,1,0,23176231,23244267,Up
House,3,Residence,Documented,699938,1,2,0,6,0,0,5,1,0,1,35330516,35405099,Up
Apartment,23,Non-Residence,Documented,576081,1,6,1,9,0,1,9,1,0,1,29680901,29801145,Up
Farm House,0,Non-Residence,Registrable,79281,8,2,0,8,0,0,3,1,0,1,4662573,4722049,Up
Flat,2,Residence,Documented,191975,13,1,1,9,0,0,6,1,0,1,10531903,10652757,Up
Apartment,29,Non-Residence,Documented,160696,13,7,0,9,1,1,8,1,1,1,9422706,9567511,Up
Apartment,28,Non-Residence,Registrable,227007,2,2,0,6,1,0,7,0,1,1,12045340,12133967,Up
House,3,Residence,Registrable,306563,12,2,0,4,1,0,6,0,0,1,16116013,16211454,Up
Building,6,Non-Residence,Documented,691107,10,5,0,6,0,1,2,1,1,1,35424461,35499215,Up
Flat,20,Residence,Registrable,121672,11,5,1,2,0,0,7,1,0,1,7175578,7290329,Up
Building,13,Residence,Registrable,357402,9,7,0,1,0,0,8,0,0,1,18760342,18830321,Up
Flat,23,Residence,Registrable,485463,7,1,1,4,1,1,1,1,1,1,25129803,25250249,Up
Villa,0,Non-Residence,Documented,456468,6,8,1,3,0,0,9,1,1,0,23628359,23739520,Up
Apartment,16,Residence,Documented,319217,1,3,0,4,0,0,4,0,1,1,16454169,16540191,Up
Villa,0,Non-Residence,Registrable,59601,1,4,0,7,0,1,8,1,1,0,3477593,3590850,Up
Flat,8,Non-Residence,Registrable,496472,2,9,1,3,1,0,10,1,1,0,25703772,25758225,Up
Flat,17,Non-Residence,Documented,289290,6,4,1,8,1,0,7,0,1,0,15381564,15483139,Up
Building,13,Non-Residence,Documented,547837,14,5,0,6,0,1,10,1,1,0,28519275,28626535,Up
Apartment,4,Residence,Registrable,735465,6,7,0,9,1,1,7,1,0,1,37631949,37768666,Up
Farm House,0,Residence,Registrable,360760,2,4,0,6,0,0,2,0,1,0,18369455,18508356,Up
Apartment,20,Non-Residence,Documented,593173,1,1,0,7,0,0,1,0,0,0,30002898,30144760,Up
Empty Land,0,Residence,Registrable,650919,10,9,0,5,1,1,4,1,1,0,33534709,33625414,Up
Flat,10,Non-Residence,Documented,433874,5,4,1,7,1,0,2,0,1,1,22455629,22561462,Up
House,1,Non-Residence,Registrable,721277,5,9,0,2,1,0,8,0,0,0,36720949,36824978,Up
House,1,Residence,Documented,548077,2,6,0,9,1,0,10,1,0,0,28074357,28128534,Up
House,2,Non-Residence,Registrable,372870,6,1,1,9,0,1,7,0,0,1,19345690,19464655,Up
Villa,0,Residence,Documented,272467,9,3,0,0,0,0,8,1,0,1,14209817,14292769,Up
Farm House,0,Non-Residence,Registrable,191732,2,2,0,5,1,0,6,0,1,1,9922613,10043127,Up
Building,16,Non-Residence,Registrable,304619,10,9,1,0,1,1,1,0,1,1,16216861,16346170,Up
Farm House,0,Non-Residence,Registrable,10040,2,1,0,8,0,1,9,1,0,1,934618,1035702,Up
Villa,0,Non-Residence,Registrable,541152,3,9,1,1,0,1,6,1,0,1,27668647,27790357,Up
Farm House,0,Residence,Documented,398327,13,9,0,1,0,0,10,1,1,1,20936218,21008014,Up
Farm House,0,Non-Residence,Registrable,552451,7,8,0,6,0,0,1,0,1,1,28330823,28431171,Up
Apartment,29,Non-Residence,Documented,52491,6,8,0,1,1,1,1,1,0,1,3472342,3599755,Up
House,1,Residence,Documented,189251,12,1,1,9,1,0,8,1,1,0,10459424,10562757,Up
Flat,8,Non-Residence,Registrable,366826,8,8,1,7,1,0,6,0,1,1,19389572,19457294,Up
House,3,Non-Residence,Documented,686837,8,3,1,5,0,0,8,0,0,0,35110240,35248331,Up
Farm House,0,Non-Residence,Registrable,619492,6,7,1,6,0,0,8,0,0,0,31771672,31900770,Up
Flat,25,Non-Residence,Documented,49615,12,1,0,6,1,1,8,1,0,1,3544237,3666319,Up
Apartment,5,Non-Residence,Registrable,353651,11,1,1,5,1,1,10,0,0,1,18718003,18793261,Up
Building,16,Non-Residence,Registrable,744083,10,5,1,9,1,0,7,0,1,1,38369070,38430776,Up
Empty Land,0,Residence,Documented,192462,3,5,1,8,0,1,7,1,0,1,10288121,10367064,Up
Flat,24,Non-Residence,Documented,722247,3,8,0,8,1,0,10,0,1,0,37065403,37179727,Up
Villa,0,Residence,Registrable,149643,1,7,0,6,0,0,4,0,1,0,7917893,7990208,Up
House,1,Non-Residence,Documented,715135,7,8,1,8,1,1,9,1,1,1,36877700,36938052,Up
Apartment,16,Residence,Registrable,536726,5,6,1,9,1,1,2,0,1,0,27776963,27861460,Up
Apartment,4,Residence,Registrable,354324,4,6,0,2,1,0,9,1,0,1,18287317,18412462,Up
House,2,Residence,Documented,4500,10,2,1,2,0,0,10,1,1,0,1064527,1159501,Up
Farm House,0,Residence,Registrable,726448,4,6,1,0,0,0,3,1,0,0,36729962,36878284,Up
Farm House,0,Non-Residence,Documented,356254,14,5,1,4,0,0,2,1,1,1,18744905,18822133,Up
Farm House,0,Non-Residence,Registrable,251992,4,3,1,3,0,1,4,1,0,1,13199465,13258347,Up
Apartment,26,Non-Residence,Registrable,500022,6,6,0,1,0,1,5,0,1,0,25876059,25942327,Up
Farm House,0,Residence,Registrable,491572,8,8,0,8,0,0,2,1,1,1,25323817,25444663,Up
House,1,Residence,Documented,38804,8,9,0,2,1,0,1,1,0,0,2664221,2738684,Up
Flat,8,Residence,Registrable,505499,5,1,1,7,0,1,10,1,0,1,26039941,26166730,Up
Building,9,Residence,Registrable,332093,6,3,1,5,1,0,5,1,0,1,17378906,17514846,Up
Flat,13,Residence,Documented,607774,4,3,0,4,0,1,9,0,0,1,31015922,31115236,Up
Villa,0,Residence,Registrable,152336,12,8,0,0,1,0,5,0,1,1,8507057,8566884,Up
House,1,Residence,Documented,109440,14,1,0,3,1,1,10,0,1,1,6335328,6461802,Up
Flat,9,Non-Residence,Documented,266017,11,5,1,2,0,0,9,1,1,1,14314800,14397862,Up
House,1,Residence,Documented,668021,13,3,0,0,1,0,10,0,1,1,34175974,34316664,Up
Apartment,9,Non-Residence,Registrable,622320,9,2,1,4,0,0,6,0,1,0,31969329,32026569,Up
Villa,0,Non-Residence,Documented,386277,8,8,1,5,0,1,3,1,0,1,20242187,20293772,Up
Apartment,6,Residence,Registrable,625174,10,3,0,1,0,1,4,1,0,0,31953854,32056386,Up
Empty Land,0,Residence,Documented,552138,12,7,0,2,0,0,4,0,1,1,28419516,28480057,Up
Empty Land,0,Residence,Registrable,617796,10,1,1,5,1,0,1,0,0,0,31628115,31683542,Up
Empty Land,0,Residence,Documented,550139,1,6,0,3,0,0,3,0,1,1,27860611,28002894,Up
House,3,Non-Residence,Documented,613456,2,3,0,8,1,0,3,0,1,1,31071743,31210475,Up
Flat,10,Residence,Documented,639373,9,8,1,4,1,1,1,1,0,0,32898722,33029878,Up
House,1,Non-Residence,Registrable,337997,8,6,1,3,1,1,9,1,1,1,17829068,17888101,Up
Apartment,7,Residence,Documented,208369,14,2,1,1,0,1,1,1,0,1,11290729,11371799,Up
Building,11,Non-Residence,Registrable,66453,3,6,1,5,1,0,9,1,1,1,4152724,4251828,Up
Apartment,24,Non-Residence,Registrable,500828,8,7,1,9,0,0,1,1,0,1,26200563,26262762,Up
Flat,9,Non-Residence,Registrable,3767,12,5,0,1,1,1,2,0,1,1,1125234,1188010,Up
Apartment,25,Non-Residence,Registrable,83245,1,3,1,6,0,0,2,1,1,0,4796111,4868838,Up
Apartment,10,Non-Residence,Registrable,157664,10,4,1,2,0,1,6,1,0,1,8881748,8934679,Up
Villa,0,Residence,Registrable,536126,4,4,1,8,0,1,7,0,1,0,27504491,27634870,Up
Farm House,0,Residence,Documented,131984,3,6,0,4,0,1,1,1,1,0,7075694,7181887,Up
Empty Land,0,Residence,Documented,532331,6,1,1,7,1,1,3,0,0,0,27309047,27364746,Up
Flat,11,Non-Residence,Registrable,61192,7,4,1,5,1,0,2,1,0,0,3834211,3942000,Up
Flat,3,Residence,Registrable,220656,4,4,1,9,0,1,8,1,0,0,11709576,11846336,Up
Empty Land,0,Non-Residence,Documented,224492,7,1,0,7,1,0,9,1,1,0,11854979,11932300,Up
Apartment,29,Non-Residence,Documented,517271,9,9,1,2,0,1,2,0,0,0,27014128,27125160,Up
Villa,0,Residence,Registrable,563544,11,4,1,2,0,1,2,1,0,0,29013909,29071545,Up
House,1,Non-Residence,Documented,543676,2,7,1,4,1,1,10,0,0,1,27856519,27973915,Up
House,3,Residence,Registrable,691595,11,3,0,9,0,1,9,1,1,0,35542690,35607679,Up
Apartment,12,Non-Residence,Documented,114852,3,3,0,2,0,0,4,1,0,1,6192027,6293113,Up
Apartment,16,Residence,Documented,86499,5,8,0,7,0,0,5,0,1,0,5198495,5284557,Up
Farm House,0,Non-Residence,Documented,18455,3,8,0,9,0,0,9,0,1,0,1566513,1695850,Up
Flat,15,Residence,Documented,71140,11,1,1,7,0,0,6,1,0,1,4558601,4670726,Up
Empty Land,0,Residence,Documented,197082,8,2,1,1,1,1,10,0,1,0,10585142,10665540,Up
Apartment,21,Non-Residence,Registrable,744586,12,8,0,3,1,0,9,1,1,1,38460633,38580916,Up
Apartment,29,Non-Residence,Registrable,401073,10,1,0,9,1,0,9,1,1,0,21120823,21241597,Up
Building,13,Non-Residence,Documented,426195,8,8,1,0,0,1,7,0,1,1,22330448,22383282,Up
Villa,0,Residence,Registrable,61976,8,8,1,3,0,0,10,0,1,1,4025995,4124198,Up
House,2,Residence,Registrable,307455,12,2,0,3,0,0,9,0,0,0,16141487,16237163,Up
Villa,0,Non-Residence,Documented,167780,12,4,0,9,0,0,5,1,0,0,9250874,9327104,Up
Villa,0,Residence,Registrable,676010,9,6,0,8,0,0,5,0,0,0,34585689,34708341,Up
Farm House,0,Residence,Registrable,595968,4,9,0,2,0,1,8,1,1,0,30405796,30524260,Up
Villa,0,Non-Residence,Documented,699146,5,8,1,1,1,1,10,0,0,1,35730769,35874484,Up
Empty Land,0,Residence,Registrable,637644,5,8,0,8,0,0,4,0,1,1,32616129,32688263,Up
Farm House,0,Residence,Documented,415068,8,7,0,8,1,1,9,0,1,1,21597151,21747127,Up
Apartment,18,Residence,Documented,186641,7,9,1,0,0,0,7,0,1,1,10379363,10437553,Up
Empty Land,0,Non-Residence,Registrable,635236,9,2,1,5,1,0,7,0,1,1,32561821,32701185,Up
Farm House,0,Residence,Documented,539185,14,3,1,9,0,0,3,1,0,1,27957619,28011969,Up
Empty Land,0,Non-Residence,Registrable,178531,8,8,1,7,1,1,4,0,1,1,9870419,9954474,Up
Farm House,0,Residence,Registrable,119680,2,6,1,2,1,1,7,0,0,0,6534529,6628215,Up
Farm House,0,Residence,Documented,66734,10,9,0,8,0,1,5,1,0,0,4290252,4421824,Up
Flat,24,Residence,Registrable,564742,12,4,0,1,0,1,3,1,1,0,29254226,29332926,Up
Empty Land,0,Residence,Registrable,178852,4,8,0,5,1,1,1,1,0,0,9535948,9658094,Up
Flat,5,Residence,Registrable,79959,6,3,1,0,0,1,7,1,0,0,4641539,4720959,Up
Apartment,14,Non-Residence,Registrable,410495,12,3,0,6,0,0,6,0,0,0,21505118,21580295,Up
Farm House,0,Residence,Registrable,195504,2,8,1,2,0,1,10,0,1,0,10363726,10507112,Up
House,3,Residence,Registrable,466652,7,5,0,6,1,0,7,1,1,0,24049093,24138744,Up
Farm House,0,Residence,Registrable,725756,3,3,0,3,0,0,2,0,1,1,36573396,36700102,Up
House,3,Residence,Documented,59663,13,1,1,8,1,1,4,1,0,0,3998982,4103321,Up
House,1,Non-Residence,Registrable,476353,3,3,1,4,1,0,2,1,0,0,24357392,24456674,Up
House,3,Residence,Documented,52434,11,9,0,2,0,0,8,0,1,0,3544350,3635420,Up
House,3,Residence,Documented,720755,2,5,0,7,1,0,7,0,1,1,36591609,36734292,Up
Empty Land,0,Residence,Registrable,426023,11,2,0,5,0,1,1,1,0,0,21972473,22083176,Up
Building,12,Residence,Documented,454637,8,7,0,1,0,1,2,0,1,1,23488488,23563894,Up
Empty Land,0,Non-Residence,Documented,5986,6,2,0,2,1,0,2,1,1,1,768926,876935,Up
Apartment,3,Non-Residence,Documented,139907,1,4,1,7,1,1,4,1,0,0,7663320,7714386,Up
Building,2,Residence,Registrable,650808,12,7,1,9,1,0,3,1,0,1,33580431,33700937,Up
Empty Land,0,Residence,Documented,627583,1,4,1,6,1,1,1,1,1,0,31897762,32000702,Up
Apartment,4,Residence,Documented,220684,7,7,1,9,1,0,2,0,1,0,11919184,12019653,Up
House,2,Residence,Documented,666990,8,7,0,5,0,0,9,1,1,0,34133130,34206480,Up
Villa,0,Residence,Documented,350152,5,1,0,0,1,1,1,1,1,1,17844271,17989042,Up
Farm House,0,Non-Residence,Documented,643112,12,6,1,8,0,1,9,1,0,0,33279793,33333907,Up
Building,14,Non-Residence,Documented,323210,11,9,0,2,0,1,7,0,1,0,17190776,17334466,Up
Villa,0,Residence,Registrable,198275,5,2,1,4,1,1,2,1,1,0,10479395,10578594,Up
House,2,Residence,Documented,289836,4,3,0,6,1,1,2,1,0,1,14951003,15095429,Up
Building,19,Residence,Documented,608864,14,5,0,6,1,0,5,0,0,1,31565842,31680975,Up
Villa,0,Non-Residence,Registrable,90280,6,9,0,2,1,0,5,1,0,1,5232784,5304029,Up
Empty Land,0,Residence,Registrable,153117,14,4,1,3,1,0,4,1,0,1,8683518,8776784,Up
Apartment,10,Residence,Documented,546477,6,1,1,9,0,1,10,1,0,0,28135948,28275710,Up
House,1,Non-Residence,Documented,351105,3,4,1,6,0,1,10,1,0,0,18267438,18330033,Up
Empty Land,0,Non-Residence,Registrable,534136,9,6,1,7,0,0,3,0,0,1,27495534,27638788,Up
Empty Land,0,Residence,Documented,38602,12,5,0,1,1,0,4,0,1,0,2716334,2805552,Up
House,1,Residence,Documented,74960,11,1,0,8,1,0,10,0,1,1,4587908,4663051,Up
Building,11,Residence,Registrable,365278,14,4,0,6,0,0,4,1,0,0,19222540,19318718,Up
Farm House,0,Residence,Documented,90430,7,6,0,7,1,1,2,0,1,0,5171486,5293186,Up
Flat,28,Non-Residence,Registrable,531589,1,4,1,5,1,0,5,0,1,1,27290479,27438655,Up
Flat,28,Non-Residence,Documented,627938,13,9,0,5,1,1,5,1,0,1,32827596,32885383,Up
Farm House,0,Residence,Documented,728127,7,5,0,8,0,0,5,0,0,0,36997986,37129446,Up
House,1,Non-Residence,Registrable,179708,5,8,0,3,1,1,10,0,0,1,9750035,9864552,Up
Flat,16,Residence,Registrable,155197,5,9,1,4,0,1,1,0,0,0,8612651,8707937,Up
Farm House,0,Non-Residence,Documented,214445,14,5,1,8,1,1,6,1,0,0,11794810,11930795,Up
Villa,0,Residence,Documented,232415,13,6,1,0,1,1,2,1,1,0,12559153,12609234,Up
Farm House,0,Residence,Documented,728452,2,1,0,3,0,0,7,0,1,0,36770847,36823852,Up
Building,5,Non-Residence,Registrable,208624,4,7,1,6,1,0,4,0,0,1,11145923,11269867,Up
Apartment,15,Non-Residence,Registrable,437977,12,4,0,8,1,0,5,1,0,0,23038252,23088586,Up
Farm House,0,Non-Residence,Registrable,526330,6,2,0,9,1,1,5,1,1,0,26964972,27091611,Up
Empty Land,0,Non-Residence,Registrable,284321,10,5,0,5,0,0,5,1,1,0,14989325,15097542,Up
Empty Land,0,Non-Residence,Registrable,178304,11,3,1,7,1,0,2,1,1,1,9851237,9926406,Up
Apartment,14,Residence,Registrable,706203,7,6,1,8,1,0,5,0,0,0,36214757,36360787,Up
House,1,Residence,Documented,39581,11,8,0,9,1,1,3,1,0,1,3057480,3130932,Up
Empty Land,0,Non-Residence,Registrable,718716,5,7,0,3,1,1,4,0,1,1,36637022,36713276,Up
Villa,0,Residence,Registrable,355749,9,3,1,0,1,1,2,1,0,1,18501958,18621391,Up
Farm House,0,Residence,Registrable,220430,3,8,1,7,0,0,4,1,1,1,11700137,11807247,Up
Apartment,20,Residence,Registrable,517813,1,2,1,1,0,0,9,1,0,1,26473146,26580399,Up
Villa,0,Residence,Documented,215032,4,9,0,0,1,0,8,1,0,1,11315907,11436091,Up
House,2,Non-Residence,Registrable,612880,9,4,0,6,1,1,3,0,1,1,31391890,31517100,Up
Empty Land,0,Residence,Documented,519832,4,1,0,9,0,0,1,0,1,0,26316529,26449231,Up
Apartment,5,Residence,Registrable,317337,2,8,1,8,1,1,1,0,0,0,16587074,16729320,Up
Flat,15,Residence,Documented,289606,10,7,1,8,1,1,6,1,1,1,15712512,15782482,Up
Farm House,0,Residence,Registrable,28795,14,5,1,2,1,1,3,0,0,1,2434859,2488653,Up
Flat,9,Non-Residence,Registrable,14307,14,5,0,5,1,1,4,1,1,1,1853888,1933072,Up
Building,4,Residence,Registrable,436064,5,7,0,6,1,0,1,1,1,0,22424887,22565982,Up
House,1,Residence,Registrable,158004,3,5,1,9,1,0,8,0,0,1,8641581,8772461,Up
Building,4,Residence,Documented,238567,13,8,0,8,1,1,1,1,0,0,13032591,13120956,Up
Flat,20,Non-Residence,Documented,485508,12,6,1,1,1,0,5,1,0,0,25395292,25476509,Up
Flat,27,Non-Residence,Registrable,692940,13,5,0,7,0,1,6,0,1,1,35948553,36003604,Up
Flat,21,Residence,Registrable,395040,9,9,1,6,0,0,2,1,1,0,20850424,20983086,Up
Building,7,Residence,Documented,518423,4,2,0,3,1,0,7,1,0,1,26441506,26561586,Up
Apartment,15,Non-Residence,Documented,167481,6,1,0,1,1,1,7,0,1,1,9029342,9092217,Up
House,2,Residence,Documented,745199,2,8,1,7,1,1,1,0,0,1,37905502,38025393,Up
Farm House,0,Non-Residence,Registrable,20370,6,3,1,4,1,1,4,1,0,0,1738732,1808724,Up
Apartment,17,Residence,Documented,203696,3,7,1,5,0,1,4,0,0,1,10988778,11090440,Up
Farm House,0,Residence,Registrable,249183,12,8,1,6,0,0,5,1,0,0,13455223,13563698,Up
Villa,0,Non-Residence,Registrable,235177,12,6,1,9,0,1,1,0,0,1,12805425,12886499,Up
Villa,0,Residence,Documented,27290,9,9,0,0,0,0,1,1,1,1,2038806,2156858,Up
Flat,18,Residence,Registrable,643662,11,7,1,7,1,1,7,0,1,1,33528303,33600925,Up
House,3,Residence,Registrable,448845,2,5,1,3,1,0,9,0,0,1,23013395,23130410,Up
House,2,Non-Residence,Documented,749574,12,8,1,8,1,1,1,1,1,1,38625211,38758085,Up
Empty Land,0,Non-Residence,Registrable,487962,12,2,0,0,0,0,2,0,0,0,24921762,25064305,Up
Empty Land,0,Residence,Documented,540273,9,7,1,1,1,0,6,0,1,1,27889948,27980930,Up
Apartment,19,Residence,Documented,86688,5,4,1,5,1,0,6,1,1,1,5245176,5354245,Up
Building,10,Residence,Documented,529536,8,9,1,9,0,1,2,0,0,1,27513574,27608652,Up
Empty Land,0,Residence,Registrable,742629,2,1,0,0,0,1,9,0,1,0,37410598,37511471,Up
Apartment,27,Non-Residence,Documented,665295,6,7,0,3,0,1,4,0,0,1,34092147,34205945,Up
Farm House,0,Non-Residence,Documented,648749,3,6,1,7,0,1,7,1,1,1,33155213,33263997,Up
Farm House,0,Non-Residence,Registrable,30855,12,8,0,9,0,0,6,0,0,1,2550200,2622036,Up
Apartment,13,Residence,Registrable,711631,12,5,1,4,1,0,3,1,0,1,36580349,36725131,Up
Building,2,Residence,Documented,451515,14,1,0,8,1,0,8,1,0,0,23535341,23653424,Up
Villa,0,Non-Residence,Registrable,406832,10,1,1,5,0,1,7,0,0,1,21120189,21198319,Up
Flat,22,Residence,Registrable,157042,5,9,0,0,1,0,9,1,0,0,8786701,8885676,Up
House,3,Residence,Registrable,173916,12,6,1,5,1,0,3,1,0,0,9673255,9789250,Up
Villa,0,Non-Residence,Registrable,305562,8,5,1,5,1,1,1,1,1,0,16015356,16133128,Up
Apartment,20,Residence,Registrable,564086,10,1,0,5,1,1,2,1,0,0,29049662,29120492,Up
Farm House,0,Non-Residence,Documented,502208,14,6,1,7,0,0,1,0,1,1,26147920,26264036,Up
Villa,0,Residence,Documented,62129,1,6,1,5,1,1,5,0,0,1,3753823,3818262,Up
Building,11,Residence,Documented,328684,5,3,1,4,1,1,10,0,1,0,17277036,17331751,Up
Flat,5,Residence,Registrable,493234,3,8,1,1,1,1,2,1,0,0,25357957,25434064,Up
Farm House,0,Residence,Registrable,290660,4,1,0,3,0,1,3,1,0,0,14840831,14982311,Up
Building,6,Residence,Documented,548748,2,1,1,9,1,0,8,0,1,1,28046544,28193844,Up
Apartment,3,Non-Residence,Documented,214420,9,6,0,4,0,0,10,1,0,0,11520730,11614124,Up
Villa,0,Non-Residence,Documented,243304,3,1,0,9,0,0,5,0,0,0,12490751,12633854,Up
House,1,Residence,Registrable,377465,2,6,0,3,0,0,4,1,0,0,19234788,19323453,Up
Empty Land,0,Residence,Documented,461357,10,1,0,1,0,0,5,0,0,0,23580554,23662979,Up
Building,3,Non-Residence,Registrable,504992,11,6,1,6,1,1,10,0,1,0,26371876,26481750,Up
Farm House,0,Non-Residence,Documented,654483,9,3,1,9,0,0,6,0,0,1,33550982,33642414,Up
Villa,0,Residence,Documented,416416,7,8,0,9,0,0,7,1,1,0,21576011,21708789,Up
Empty Land,0,Non-Residence,Registrable,128648,6,6,1,1,0,1,9,0,0,1,7157665,7251614,Up
Empty Land,0,Non-Residence,Registrable,486761,1,1,0,0,0,1,1,1,0,1,24460805,24595165,Up
Villa,0,Non-Residence,Documented,356040,5,5,1,4,0,1,4,1,0,1,18431244,18558678,Up
Flat,3,Residence,Documented,193214,12,8,1,0,1,0,9,0,0,1,10685288,10818583,Up
Villa,0,Non-Residence,Documented,732399,11,3,1,0,0,1,5,0,1,1,37344791,37483395,Up
Farm House,0,Non-Residence,Registrable,284376,14,6,0,0,1,1,8,1,0,0,15235543,15289212,Up
Apartment,22,Non-Residence,Registrable,260247,11,5,0,5,1,1,1,1,0,1,14032093,14162011,Up
House,3,Non-Residence,Documented,616150,3,6,1,8,0,0,4,0,0,1,31462392,31527828,Up
Farm House,0,Residence,Documented,424070,1,1,0,9,1,1,9,0,1,0,21643158,21777468,Up
Apartment,29,Non-Residence,Documented,276487,4,7,0,0,1,1,1,1,1,1,14620360,14706390,Up
Empty Land,0,Non-Residence,Registrable,638853,13,9,1,4,1,0,1,0,1,0,33042211,33096849,Up
House,3,Non-Residence,Documented,18140,2,2,0,8,0,1,4,0,1,0,1325637,1444039,Up
Building,11,Residence,Documented,53028,2,5,1,8,0,0,3,0,0,0,3316632,3423632,Up
Empty Land,0,Residence,Registrable,259714,3,4,1,0,0,0,7,0,0,0,13472199,13531450,Up
Flat,18,Residence,Documented,501608,8,6,1,7,0,1,3,1,1,0,26102571,26161519,Up
Villa,0,Non-Residence,Documented,634921,8,6,0,0,0,0,1,1,0,1,32257420,32360067,Up
Building,12,Non-Residence,Registrable,369001,12,2,1,7,0,1,10,0,0,0,19490416,19628830,Up
Farm House,0,Non-Residence,Registrable,724726,7,2,1,0,0,1,2,0,1,0,36706781,36822504,Up
House,3,Residence,Documented,150659,6,4,0,4,1,1,10,1,0,1,8179706,8327512,Up
Building,6,Non-Residence,Registrable,173002,9,1,0,7,1,1,4,1,1,1,9353030,9489528,Up
Flat,26,Non-Residence,Registrable,156076,4,9,0,5,0,0,1,1,1,1,8569850,8715297,Up
Villa,0,Residence,Registrable,11523,12,7,0,8,1,1,1,1,1,1,1502277,1609522,Up
Building,19,Non-Residence,Registrable,546235,1,7,1,0,0,1,8,1,1,0,28091335,28160433,Up
Farm House,0,Non-Residence,Registrable,388543,8,3,0,8,0,1,7,0,1,1,20167195,20224603,Up
House,2,Residence,Registrable,286603,7,3,0,0,0,0,8,0,1,0,14819863,14952078,Up
Building,18,Residence,Registrable,66703,7,1,0,9,1,0,4,1,0,1,4105041,4224110,Up
Villa,0,Residence,Documented,161275,3,3,0,9,0,1,6,1,0,1,8546271,8665947,Up
Farm House,0,Residence,Registrable,9837,4,3,1,2,0,0,3,0,0,1,977324,1091306,Up
Building,15,Residence,Registrable,571215,10,4,0,0,0,0,8,1,1,1,29348580,29490734,Up
House,3,Non-Residence,Registrable,515223,9,4,1,2,0,1,4,1,1,1,26451843,26588033,Up
Villa,0,Residence,Registrable,324173,6,3,0,1,1,1,3,0,1,0,16658098,16760301,Up
Flat,17,Non-Residence,Documented,364667,5,8,1,1,0,1,4,0,0,0,19084324,19188941,Up
Flat,1,Non-Residence,Documented,347309,3,8,1,8,1,1,6,0,0,0,18071951,18218262,Up
Empty Land,0,Residence,Registrable,630575,9,1,0,7,1,1,7,0,1,1,32284519,32414731,Up
Building,2,Residence,Documented,687781,5,7,1,0,0,0,7,1,1,0,35044607,35100612,Up
House,2,Non-Residence,Documented,295951,5,2,0,3,0,1,4,0,1,1,15253693,15375099,Up
Building,19,Non-Residence,Documented,421071,14,1,1,0,1,1,8,1,1,1,22169823,22289263,Up
Villa,0,Non-Residence,Documented,127516,4,3,1,0,1,1,7,1,1,0,6903034,7001269,Up
Empty Land,0,Residence,Documented,544947,14,4,1,3,1,1,2,1,0,0,28244912,28306885,Up
House,1,Non-Residence,Registrable,498062,4,6,0,1,1,1,8,1,1,1,25522424,25619400,Up
Building,9,Residence,Registrable,703465,12,5,1,2,0,0,9,0,1,1,36222218,36340015,Up
House,3,Non-Residence,Registrable,384434,1,4,0,8,1,1,5,1,1,0,19782471,19891337,Up
Villa,0,Non-Residence,Documented,317928,7,8,1,1,1,0,4,1,1,1,16757119,16824923,Up
Empty Land,0,Non-Residence,Registrable,319687,9,4,1,3,1,1,4,1,0,0,16774378,16912991,Up
House,3,Residence,Documented,691407,3,2,1,0,1,1,4,0,1,0,35057417,35169353,Up
Villa,0,Residence,Registrable,83344,12,3,1,1,0,1,6,0,1,1,5037893,5135169,Up
Flat,27,Non-Residence,Registrable,552320,13,6,1,4,0,0,4,0,1,1,28844537,28919217,Up
House,3,Non-Residence,Registrable,165921,2,8,1,9,0,1,7,0,0,1,9111927,9222894,Up
Empty Land,0,Non-Residence,Registrable,122902,3,8,0,0,1,1,7,0,1,1,6707227,6774089,Up
Apartment,25,Residence,Documented,118512,1,9,0,6,1,1,5,1,0,0,6720397,6857835,Up
Farm House,0,Residence,Registrable,439161,6,7,0,3,0,1,5,0,1,1,22643392,22732945,Up
Farm House,0,Residence,Registrable,399429,11,2,1,5,0,1,10,1,1,0,20933257,20992141,Up
House,3,Residence,Documented,580966,11,8,0,7,1,1,8,0,1,0,30096576,30215150,Up
House,3,Residence,Documented,574195,7,7,1,5,0,1,7,1,1,1,29589879,29700192,Up
Villa,0,Non-Residence,Registrable,464056,11,8,0,1,1,0,7,0,1,0,24108336,24191297,Up
Building,16,Non-Residence,Registrable,575778,11,3,0,0,1,1,6,1,1,1,29676321,29757883,Up
Farm House,0,Non-Residence,Documented,129973,2,7,1,7,1,1,7,0,1,1,7219771,7295836,Up
Building,7,Residence,Documented,478507,8,9,1,7,1,1,7,1,1,0,25005772,25087856,Up
Farm House,0,Non-Residence,Registrable,417509,14,3,0,8,1,0,10,1,1,0,21895438,21996476,Up
House,1,Residence,Documented,319214,6,6,0,5,1,0,2,1,0,0,16549433,16676770,Up
Empty Land,0,Residence,Documented,226656,14,2,0,0,0,1,10,1,0,1,12185794,12256751,Up
Empty Land,0,Non-Residence,Registrable,169464,4,2,0,8,0,0,2,1,0,1,8935845,9053961,Up
Apartment,12,Non-Residence,Registrable,525803,5,5,1,2,0,1,10,1,0,0,27005861,27147941,Up
Farm House,0,Residence,Registrable,62313,8,5,0,5,1,1,7,0,1,1,3894707,4006985,Up
Farm House,0,Residence,Documented,28212,14,7,1,9,0,0,10,0,1,1,2696279,2778733,Up
Villa,0,Non-Residence,Registrable,625285,3,2,1,9,1,1,7,1,0,0,31937760,32041556,Up
House,1,Residence,Registrable,113316,3,7,0,8,1,0,7,1,0,1,6344416,6405693,Up
House,3,Residence,Registrable,129278,14,5,1,2,1,0,5,1,0,0,7405530,7554054,Up
Apartment,4,Residence,Documented,587080,14,6,0,4,1,0,1,1,0,0,30312443,30428854,Up
Building,19,Non-Residence,Registrable,286477,11,8,1,4,0,1,2,1,1,0,15427417,15554607,Up
Villa,0,Residence,Registrable,135730,4,4,1,9,0,1,9,1,0,1,7537818,7647887,Up
Flat,2,Residence,Documented,718540,1,7,0,6,0,1,8,1,1,0,36461023,36577755,Up
Empty Land,0,Residence,Documented,269614,9,6,1,3,1,1,8,0,1,0,14352353,14454214,Up
Empty Land,0,Residence,Registrable,335118,8,2,1,3,0,1,10,1,1,0,17477771,17577258,Up
House,2,Residence,Registrable,151956,8,8,0,6,0,1,1,1,0,0,8399590,8490774,Up
Apartment,24,Residence,Registrable,106070,14,9,1,8,0,1,6,0,0,1,6838094,6911492,Up
Villa,0,Residence,Documented,271346,10,5,1,3,1,0,9,0,1,0,14416025,14545931,Up
Flat,17,Non-Residence,Registrable,904,6,4,0,3,0,1,8,1,0,1,787490,866007,Up
Empty Land,0,Non-Residence,Registrable,703786,7,6,0,5,1,1,3,0,0,0,35851697,35996092,Up
Villa,0,Non-Residence,Documented,275407,6,8,1,5,0,1,4,0,1,1,14579259,14696042,Up
Flat,24,Residence,Documented,674244,9,3,1,6,1,0,3,0,1,1,34729544,34804108,Up
Farm House,0,Non-Residence,Registrable,715960,3,1,1,0,0,0,6,1,0,1,36180324,36237435,Up
House,1,Non-Residence,Documented,665720,14,4,0,2,0,0,9,1,1,1,34234847,34305820,Up
Building,1,Residence,Registrable,235865,3,4,1,8,0,1,8,0,0,0,12514656,12564966,Up
Empty Land,0,Non-Residence,Registrable,343286,3,1,1,5,1,0,10,1,0,0,17678436,17804732,Up
Empty Land,0,Residence,Documented,51112,10,9,1,5,0,0,4,1,1,1,3582586,3650574,Up
Flat,10,Residence,Documented,200744,3,3,1,4,0,1,2,1,1,1,10640667,10712710,Up
Building,15,Residence,Documented,5309,9,5,1,2,1,1,8,0,0,1,1241543,1344677,Up
Farm House,0,Non-Residence,Documented,163773,12,6,1,4,1,1,8,0,1,0,9227971,9368451,Up
Villa,0,Residence,Registrable,709190,4,8,0,0,1,0,6,0,0,1,36043898,36149224,Up
House,3,Non-Residence,Documented,145028,13,6,0,2,1,1,8,0,1,1,8175067,8315004,Up
Villa,0,Residence,Documented,507464,7,3,1,3,0,1,9,1,0,0,26154920,26222301,Up
Flat,21,Residence,Registrable,450113,14,6,1,4,0,1,1,1,1,0,23765510,23848774,Up
Empty Land,0,Non-Residence,Registrable,39265,9,1,0,9,1,1,9,1,0,0,2833791,2905860,Up
Farm House,0,Residence,Registrable,316576,11,4,0,8,0,1,2,0,0,0,16648477,16741441,Up
Empty Land,0,Non-Residence,Documented,546737,12,6,0,3,1,1,1,0,1,0,28120906,28237640,Up
Villa,0,Residence,Registrable,201652,7,7,1,2,0,0,8,1,0,0,10925584,10981494,Up
Farm House,0,Residence,Documented,300388,9,3,1,9,1,1,8,0,0,1,15924324,16045344,Up
Apartment,15,Residence,Documented,701403,12,9,1,0,0,0,4,0,0,1,36121172,36217337,Up
House,1,Residence,Documented,92693,3,7,1,9,1,0,8,1,0,0,5421084,5537196,Up
Flat,23,Residence,Documented,36687,4,1,0,5,1,1,7,0,0,1,2525554,2608375,Up
House,1,Residence,Registrable,506450,14,2,0,6,0,0,2,0,1,0,26161799,26256191,Up
Flat,29,Residence,Registrable,138811,8,1,0,9,0,0,5,1,0,1,7836459,7935062,Up
House,2,Residence,Registrable,508653,6,9,0,7,0,0,10,0,0,0,26235561,26318557,Up
Apartment,14,Non-Residence,Registrable,189589,5,9,1,0,1,1,4,1,0,0,10328565,10469455,Up
Villa,0,Non-Residence,Registrable,586665,13,7,1,3,0,0,3,1,1,1,30245409,30391174,Up
Building,4,Non-Residence,Documented,436841,4,3,0,4,1,0,1,0,1,1,22271688,22399246,Up
Farm House,0,Residence,Documented,312566,8,5,0,1,0,0,5,1,0,0,16151190,16267710,Up
Flat,18,Non-Residence,Documented,618862,1,4,0,0,0,0,10,0,0,0,31398667,31526863,Up
Villa,0,Non-Residence,Documented,687909,14,7,0,7,1,1,8,0,1,0,35549980,35625024,Up
Empty Land,0,Residence,Registrable,561919,9,9,0,5,1,1,9,0,1,0,28975213,29109600,Up
Empty Land,0,Non-Residence,Documented,640553,1,2,1,4,0,0,7,0,0,0,32418667,32511476,Up
House,1,Residence,Documented,631672,8,8,1,8,1,1,1,0,1,0,32511578,32594877,Up
Empty Land,0,Non-Residence,Documented,126417,4,9,0,1,1,1,1,0,0,1,6859573,6988820,Up
Building,2,Non-Residence,Documented,300270,9,9,0,9,0,0,1,0,0,1,15799193,15925956,Up
Flat,2,Non-Residence,Documented,698668,14,7,0,7,1,1,2,0,0,1,35942343,36054990,Up
House,2,Non-Residence,Documented,482180,11,9,1,9,0,1,1,0,1,1,25143328,25266892,Up
Flat,17,Non-Residence,Registrable,281842,5,9,1,8,0,0,4,1,0,1,15012359,15144840,Up
Flat,9,Residence,Registrable,540042,3,3,1,0,1,0,10,1,0,0,27624971,27707828,Up
Apartment,8,Non-Residence,Documented,44738,9,4,0,6,0,1,9,0,1,0,3065185,3153688,Up
Villa,0,Residence,Documented,1752,11,2,1,7,1,1,4,0,0,1,1006764,1121981,Up
Empty Land,0,Non-Residence,Documented,485950,14,3,0,2,0,1,4,0,0,0,25124210,25200192,Up
Farm House,0,Residence,Documented,316326,14,5,1,3,1,1,7,1,0,1,16837623,16954451,Up
Flat,2,Non-Residence,Documented,322138,9,5,1,2,1,0,9,1,1,1,16970153,17073415,Up
Building,2,Non-Residence,Registrable,606105,4,6,1,6,1,0,7,0,1,0,31037357,31111237,Up
Apartment,5,Non-Residence,Registrable,327859,11,7,0,8,1,0,1,0,0,0,17297972,17446046,Up
Building,12,Non-Residence,Documented,603375,4,7,0,2,1,0,1,0,1,1,30836865,30894424,Up
Farm House,0,Non-Residence,Registrable,7449,12,1,1,5,0,0,4,1,0,1,1199110,1285659,Up
Empty Land,0,Residence,Documented,318037,8,2,0,7,0,1,4,0,0,1,16539458,16624617,Up
Empty Land,0,Non-Residence,Documented,729413,2,9,0,5,1,1,1,1,1,1,37072639,37173009,Up
House,1,Non-Residence,Registrable,662801,9,2,0,1,0,0,6,1,1,0,33680405,33789694,Up
House,2,Residence,Registrable,550722,13,6,0,6,1,0,10,0,0,1,28597926,28735001,Up
House,2,Non-Residence,Registrable,455602,14,1,0,1,1,0,2,1,1,0,23470101,23598841,Up
Empty Land,0,Non-Residence,Registrable,338389,6,3,0,1,0,1,5,0,1,1,17462319,17514571,Up
Flat,20,Non-Residence,Documented,476967,9,2,0,1,0,1,8,1,1,1,24737302,24797168,Up
Villa,0,Non-Residence,Registrable,357100,8,3,1,0,1,1,3,1,0,0,18503438,18591435,Up
Farm House,0,Non-Residence,Registrable,316057,7,5,0,0,1,0,9,0,0,0,16335570,16475906,Up
Apartment,2,Residence,Registrable,304962,13,6,0,6,1,0,7,0,1,0,16332774,16390327,Up
Farm House,0,Non-Residence,Documented,251375,14,9,1,4,1,0,9,1,0,0,13835056,13917887,Up
Farm House,0,Residence,Documented,463889,1,4,1,2,1,0,1,1,0,0,23554545,23671868,Up
House,1,Non-Residence,Documented,70890,14,7,1,0,1,0,5,1,1,1,4626239,4721049,Up
Villa,0,Non-Residence,Registrable,708189,12,6,1,9,0,1,3,0,0,1,36416244,36524963,Up
Building,4,Residence,Registrable,253990,3,2,0,5,1,0,4,0,1,1,13231717,13293443,Up
Empty Land,0,Non-Residence,Registrable,567876,11,8,1,0,1,1,4,0,0,0,29269009,29388460,Up
Building,9,Non-Residence,Documented,248440,14,7,1,8,0,1,7,0,0,0,13632216,13729639,Up
House,3,Residence,Registrable,365840,2,7,0,1,1,1,10,1,1,0,18968764,19018856,Up
Flat,26,Non-Residence,Registrable,433527,5,8,0,0,1,1,8,1,0,1,22590492,22716962,Up
Apartment,27,Non-Residence,Documented,508541,5,1,0,6,0,1,10,1,1,0,26289064,26369059,Up
Apartment,25,Residence,Registrable,318123,5,1,1,5,1,0,5,1,0,1,16648767,16796772,Up
House,3,Residence,Registrable,216964,4,8,0,5,0,0,10,1,0,1,11509051,11622008,Up
Villa,0,Non-Residence,Registrable,743229,5,4,1,4,1,0,7,0,0,1,37885409,37937086,Up
Apartment,2,Non-Residence,Registrable,511236,3,5,0,3,0,1,3,0,1,0,25973854,26117632,Up
House,3,Non-Residence,Documented,317767,12,8,0,3,0,1,3,1,0,1,16799409,16871301,Up
Farm House,0,Residence,Documented,650699,1,5,1,2,0,1,3,1,0,1,33030842,33102956,Up
Flat,16,Residence,Documented,224277,5,4,0,9,1,1,4,1,1,1,12078159,12164791,Up
Flat,11,Non-Residence,Registrable,6069,13,6,0,7,1,1,6,1,1,0,1461469,1538526,Up
Empty Land,0,Non-Residence,Registrable,594624,9,5,0,6,0,1,5,1,0,1,30443980,30556545,Up
Empty Land,0,Non-Residence,Documented,629361,13,7,0,8,0,0,8,1,1,0,32437694,32548447,Up
Farm House,0,Residence,Registrable,430302,9,7,0,0,1,1,5,1,1,0,22230734,22324765,Up
Flat,8,Residence,Documented,258590,4,4,1,6,1,1,5,1,1,1,13664011,13764060,Up
Farm House,0,Residence,Documented,667875,3,5,1,9,1,0,10,0,1,1,34134851,34245126,Up
Flat,12,Non-Residence,Registrable,45502,1,3,0,3,1,1,2,1,0,0,2677076,2774957,Up
Villa,0,Non-Residence,Documented,662114,2,4,1,6,1,0,5,1,1,1,33697103,33799968,Up
House,3,Non-Residence,Documented,680074,8,4,1,0,0,0,7,0,0,0,34679674,34826742,Up
Empty Land,0,Residence,Documented,499370,1,3,1,4,1,0,2,0,0,0,25328126,25428810,Up
Villa,0,Non-Residence,Documented,212291,8,5,0,2,0,1,6,1,0,0,11217191,11322878,Up
Apartment,13,Residence,Documented,203346,13,5,0,4,1,0,7,0,1,1,11192992,11318697,Up
House,2,Non-Residence,Documented,661950,7,7,0,3,0,0,5,0,1,0,33734221,33840659,Up
Empty Land,0,Residence,Registrable,667497,8,4,1,1,0,1,9,1,0,0,34151062,34258376,Up
Apartment,13,Non-Residence,Documented,678275,12,4,1,3,1,0,4,0,0,1,34929009,35029512,Up
Farm House,0,Non-Residence,Documented,24571,6,9,0,2,0,1,10,1,1,1,2036176,2116916,Up
Apartment,27,Residence,Registrable,583031,12,6,0,0,0,1,1,1,1,0,30159678,30255854,Up
Villa,0,Non-Residence,Registrable,172812,14,4,1,9,0,0,8,1,0,0,9769568,9829598,Up
Building,8,Residence,Documented,257718,9,2,1,7,0,1,8,0,1,0,13774465,13900753,Up
Apartment,15,Non-Residence,Registrable,215379,3,6,0,4,1,1,7,0,1,1,11520947,11577998,Up
Building,9,Non-Residence,Registrable,364214,10,2,1,3,0,0,8,1,0,0,19044907,19150917,Up
Empty Land,0,Non-Residence,Documented,427150,4,5,1,9,1,0,2,1,1,0,22083166,22143755,Up
Villa,0,Residence,Registrable,332368,13,6,1,4,0,0,3,0,1,1,17644289,17705684,Up
Apartment,11,Non-Residence,Documented,553520,6,4,1,3,1,0,9,1,0,1,28561787,28624620,Up
House,2,Residence,Documented,646253,8,3,1,2,1,1,1,0,1,0,32992445,33108579,Up
Apartment,21,Non-Residence,Documented,417670,5,7,1,4,1,0,8,0,0,1,21812482,21942385,Up
House,3,Non-Residence,Documented,57608,3,2,1,3,0,0,8,0,1,0,3428111,3496539,Up
Villa,0,Residence,Registrable,481221,6,6,0,0,1,0,7,0,0,0,24691239,24757881,Up
Building,7,Non-Residence,Documented,111695,4,4,0,2,1,1,5,0,1,1,6109407,6245898,Up
Villa,0,Non-Residence,Registrable,37168,9,6,1,9,0,1,4,0,0,0,2734732,2825503,Up
Building,14,Residence,Registrable,285705,13,4,1,9,1,1,10,1,1,0,15610404,15670501,Up
Building,15,Residence,Documented,341896,3,4,1,7,0,1,10,1,1,1,17875603,18004346,Up
Farm House,0,Non-Residence,Documented,564537,4,4,0,6,0,1,10,0,1,0,28744210,28882306,Up
Farm House,0,Residence,Registrable,131060,7,9,0,1,1,0,10,0,0,1,7332802,7406228,Up
House,1,Residence,Documented,367324,7,7,1,0,0,1,6,1,1,0,19120077,19236410,Up
Empty Land,0,Non-Residence,Documented,148479,12,3,0,2,0,1,1,1,0,1,8060533,8153996,Up
Flat,20,Residence,Documented,150349,12,3,1,4,0,1,5,1,1,1,8602556,8723805,Up
Villa,0,Residence,Registrable,749089,4,6,1,9,1,0,4,1,1,1,38215946,38306025,Up
Building,11,Non-Residence,Registrable,52245,6,6,1,0,0,0,4,1,1,1,3401788,3472192,Up
Villa,0,Residence,Registrable,371108,12,4,1,2,0,1,7,1,1,1,19395033,19516480,Up
Empty Land,0,Residence,Registrable,92365,13,9,1,2,0,0,9,1,1,1,5782978,5836932,Up
Empty Land,0,Non-Residence,Documented,213390,3,4,1,4,1,1,8,1,1,0,11317114,11436962,Up
Flat,7,Non-Residence,Documented,24124,6,9,1,2,0,0,8,0,0,0,1965719,2112130,Up
Apartment,12,Residence,Registrable,23821,12,4,0,8,1,0,5,1,0,1,2246542,2351873,Up
Flat,19,Non-Residence,Registrable,404204,2,2,1,0,0,1,6,0,1,0,20753778,20859709,Up
Building,18,Residence,Registrable,174793,8,2,0,3,1,0,2,1,1,1,9524632,9593072,Up
Farm House,0,Residence,Registrable,187217,2,5,1,9,1,1,3,1,1,1,10051323,10159730,Up
Apartment,13,Residence,Registrable,381475,11,4,1,9,1,1,5,1,1,0,20224940,20356304,Up
Flat,11,Residence,Documented,184368,7,7,0,3,0,1,2,1,1,1,9984257,10065155,Up
Farm House,0,Non-Residence,Registrable,660292,9,5,0,0,0,0,3,1,0,0,33585360,33682080,Up
Apartment,1,Non-Residence,Registrable,95757,1,6,1,1,0,0,4,0,1,1,5184715,5280143,Up
Farm House,0,Residence,Documented,589079,8,4,0,0,1,1,6,1,1,1,30152065,30217492,Up
Building,6,Non-Residence,Documented,210676,7,2,1,5,0,1,5,0,0,0,11204151,11349328,Up
House,1,Residence,Documented,190971,6,9,1,2,0,0,10,0,0,1,10375737,10447906,Up
Farm House,0,Residence,Registrable,473430,6,7,0,6,1,1,4,1,0,1,24343660,24493411,Up
Building,2,Non-Residence,Documented,743591,6,4,0,4,0,0,2,0,1,1,37663830,37759249,Up
Flat,13,Non-Residence,Registrable,519362,9,3,0,8,0,0,5,1,1,0,26780469,26881534,Up
Villa,0,Residence,Registrable,476274,2,3,0,6,1,0,5,1,1,0,24235882,24353369,Up
Flat,13,Non-Residence,Documented,636105,1,9,1,3,1,1,7,1,1,0,32540362,32677852,Up
Empty Land,0,Residence,Registrable,140289,13,5,0,4,0,1,1,0,1,0,7780873,7910236,Up
Flat,19,Non-Residence,Registrable,390093,12,3,0,4,1,0,4,1,0,0,20400101,20524602,Up
House,1,Non-Residence,Documented,74186,6,5,0,4,0,1,5,0,1,1,4262352,4410984,Up
Building,19,Residence,Documented,68161,10,2,0,9,0,1,8,1,1,0,4429554,4488539,Up
Farm House,0,Non-Residence,Documented,569035,11,4,0,8,0,0,8,1,1,0,29312014,29394655,Up
Empty Land,0,Non-Residence,Documented,245621,8,2,1,9,0,0,1,0,0,1,13001755,13074652,Up
Building,1,Residence,Documented,672608,3,2,1,2,0,1,5,0,1,1,34091672,34187324,Up
Building,8,Residence,Documented,367757,12,8,0,5,1,0,10,0,1,0,19505258,19561231,Up
Farm House,0,Residence,Documented,267265,10,1,0,7,1,1,1,0,1,1,14049349,14182679,Up
Apartment,23,Residence,Documented,146606,1,7,1,8,0,0,1,0,1,1,8065180,8188430,Up
Flat,26,Residence,Documented,259430,9,5,0,6,1,0,2,0,0,1,13920242,14036915,Up
Villa,0,Residence,Documented,660982,13,8,1,2,1,1,2,1,0,0,34063919,34168228,Up
Apartment,14,Non-Residence,Registrable,449374,13,1,1,0,0,1,9,0,0,1,23466661,23573379,Up
Empty Land,0,Residence,Registrable,563426,1,7,0,3,1,1,4,1,1,1,28685853,28804662,Up
Farm House,0,Residence,Registrable,118533,3,5,1,5,1,1,3,1,0,0,6509411,6582038,Up
House,1,Residence,Documented,630765,8,4,0,2,0,1,1,1,0,1,32123281,32225902,Up
House,3,Non-Residence,Registrable,613657,14,7,0,0,0,0,2,1,1,1,31469927,31617656,Up
Villa,0,Residence,Registrable,629974,3,2,1,5,0,0,6,1,1,0,31997949,32103033,Up
Villa,0,Residence,Registrable,167426,13,1,1,0,0,1,9,0,0,0,9176001,9241152,Up
Flat,18,Non-Residence,Registrable,571059,4,1,0,8,0,0,5,1,0,0,29100886,29226577,Up
House,2,Non-Residence,Registrable,432234,8,1,1,0,0,1,4,1,0,1,22228776,22305517,Up
Empty Land,0,Residence,Documented,373720,1,5,0,5,0,0,5,1,0,0,19001564,19140048,Up
Farm House,0,Non-Residence,Documented,666127,13,7,1,0,1,0,9,0,1,0,34385770,34473900,Up
Villa,0,Non-Residence,Documented,222397,13,2,1,6,0,1,7,0,1,1,12086274,12206446,Up
Villa,0,Residence,Registrable,1562,6,8,0,2,1,1,8,0,0,1,810301,921217,Up
Villa,0,Residence,Registrable,248236,1,4,0,5,1,1,4,0,0,1,12775790,12885009,Up
Farm House,0,Residence,Documented,575236,14,3,0,6,0,0,8,1,0,1,29633097,29780282,Up
Empty Land,0,Non-Residence,Documented,95962,1,8,1,0,1,1,6,0,1,1,5374061,5461297,Up
House,2,Residence,Documented,399945,14,2,0,0,1,1,5,1,1,0,20822062,20939944,Up
Apartment,27,Non-Residence,Registrable,450509,8,3,0,4,1,1,7,0,1,0,23484542,23548526,Up
Empty Land,0,Residence,Documented,572703,11,3,1,5,0,1,6,0,0,0,29554020,29605062,Up
Farm House,0,Non-Residence,Documented,267276,4,1,1,8,1,1,3,0,1,1,14035924,14098987,Up
Empty Land,0,Residence,Documented,629380,12,6,0,0,1,1,5,0,0,0,32288564,32392482,Up
Flat,9,Non-Residence,Documented,659456,1,2,0,3,0,0,9,1,0,1,33451794,33522284,Up
Apartment,15,Residence,Documented,372423,10,1,0,9,1,0,7,0,1,1,19538262,19629229,Up
Farm House,0,Residence,Registrable,399884,7,2,0,7,1,0,4,1,0,0,20551706,20658178,Up
Apartment,3,Residence,Registrable,632887,5,6,1,9,1,0,7,1,1,0,32487250,32610088,Up
Apartment,27,Non-Residence,Documented,532349,5,4,1,8,1,1,5,1,1,1,27648279,27720155,Up
Villa,0,Non-Residence,Registrable,467510,1,6,0,2,1,1,2,1,0,1,23715577,23847407,Up
House,3,Residence,Documented,606940,14,9,0,1,0,0,6,1,0,0,31320182,31430832,Up
Apartment,18,Non-Residence,Documented,649824,10,8,0,3,1,0,7,1,1,0,33631265,33683567,Up
Flat,14,Residence,Registrable,386693,11,1,1,1,0,0,8,1,1,1,20255245,20324262,Up
Flat,15,Non-Residence,Registrable,27234,6,8,0,0,1,1,6,0,1,1,2217890,2310201,Up
Farm House,0,Residence,Registrable,26569,14,9,0,2,0,1,8,1,1,1,2393337,2443698,Up
Building,8,Non-Residence,Registrable,735765,9,6,1,6,0,1,7,0,1,1,37796977,37885238,Up
Villa,0,Non-Residence,Documented,537698,9,5,1,0,0,0,2,0,1,0,27606898,27674069,Up
House,2,Non-Residence,Registrable,336123,8,6,0,1,1,0,6,1,1,0,17559963,17651189,Up
House,1,Non-Residence,Documented,471451,5,6,0,0,1,0,9,1,0,1,24150684,24230011,Up
House,1,Non-Residence,Documented,81764,1,9,1,7,1,0,6,0,1,1,4769570,4890198,Up
Farm House,0,Residence,Documented,23775,9,4,0,4,1,0,4,0,0,0,1789098,1921571,Up
Villa,0,Non-Residence,Documented,597062,1,2,0,7,1,1,7,1,0,1,30258747,30372970,Up
Apartment,8,Non-Residence,Documented,475165,8,9,1,2,0,1,3,1,1,1,24612307,24741660,Up
Apartment,17,Non-Residence,Registrable,363420,5,2,1,6,0,1,5,0,1,1,18963406,19088721,Up
Farm House,0,Non-Residence,Documented,191576,3,9,1,7,0,1,1,0,1,1,10227881,10347933,Up
House,1,Residence,Registrable,194553,11,2,0,5,1,1,10,1,1,1,10628731,10742355,Up
Apartment,13,Non-Residence,Documented,710413,7,8,1,6,1,0,3,0,1,1,36438359,36584009,Up
Empty Land,0,Non-Residence,Registrable,573235,7,9,1,1,0,1,8,0,0,0,29528605,29593135,Up
Empty Land,0,Residence,Registrable,600491,9,9,0,7,1,0,9,1,0,1,31022640,31081950,Up
Villa,0,Residence,Documented,113081,7,9,0,4,1,1,9,0,1,0,6508942,6593223,Up
House,2,Non-Residence,Documented,266456,13,2,1,6,0,0,10,1,1,0,14264709,14373979,Up
Farm House,0,Residence,Registrable,421740,11,4,1,0,0,0,2,1,1,0,21769541,21908886,Up
Building,14,Non-Residence,Documented,714516,14,7,0,4,1,0,4,1,1,1,36850191,36946295,Up
Building,5,Non-Residence,Documented,116921,3,2,0,0,1,0,5,0,0,1,6200802,6272537,Up
Building,9,Residence,Registrable,526393,11,1,1,7,0,0,3,1,0,1,27132125,27254410,Up
Empty Land,0,Non-Residence,Registrable,464874,13,3,1,3,1,0,1,0,0,0,24077502,24220675,Up
Farm House,0,Residence,Documented,72803,14,4,0,3,0,1,6,1,1,0,4605610,4662615,Up
Building,16,Residence,Documented,158711,13,8,1,1,0,0,10,1,1,1,9174813,9282377,Up
House,3,Non-Residence,Documented,187710,1,6,0,4,0,0,2,0,1,1,9812012,9913508,Up
House,3,Non-Residence,Documented,145490,8,2,1,0,1,1,9,0,0,0,7999005,8078903,Up
Building,7,Residence,Registrable,159018,12,9,0,8,0,0,1,0,0,0,8924863,9063937,Up
Flat,12,Non-Residence,Registrable,124540,3,2,0,4,0,1,9,1,0,0,6762047,6833755,Up
Building,2,Residence,Documented,668906,12,5,1,5,1,1,7,0,1,1,34496434,34591458,Up
Flat,18,Residence,Registrable,523638,8,4,1,1,0,0,10,1,0,0,27062249,27203252,Up
Villa,0,Residence,Registrable,418534,8,7,0,9,1,0,2,0,1,0,21795424,21859836,Up
Villa,0,Residence,Registrable,541177,13,8,1,9,1,1,6,1,0,0,28256645,28361466,Up
House,2,Non-Residence,Registrable,646965,5,5,1,0,1,0,8,1,1,1,33061298,33140676,Up
Farm House,0,Non-Residence,Registrable,304071,13,5,1,3,0,1,2,1,1,1,16111671,16255309,Up
Empty Land,0,Non-Residence,Registrable,684606,12,2,0,6,0,0,5,1,1,1,34946686,35075266,Up
Farm House,0,Non-Residence,Registrable,123383,13,8,1,5,1,1,6,0,1,0,7285529,7366838,Up
House,1,Non-Residence,Documented,743746,1,2,1,9,1,0,3,0,0,0,37628009,37761784,Up
House,3,Non-Residence,Documented,388452,13,6,0,0,1,0,2,1,0,0,20300020,20352455,Up
Farm House,0,Residence,Registrable,112721,10,8,1,0,0,1,6,1,0,0,6444903,6583603,Up
Empty Land,0,Non-Residence,Registrable,261169,7,6,1,7,1,1,3,0,1,1,13974346,14027732,Up
House,2,Residence,Registrable,525634,12,4,0,3,1,1,2,0,0,0,27058166,27179142,Up
Apartment,14,Residence,Registrable,535742,10,4,0,4,1,1,1,0,1,0,27605176,27700679,Up
Apartment,4,Residence,Registrable,341883,5,6,1,6,0,0,8,0,0,1,17810192,17932164,Up
Empty Land,0,Non-Residence,Documented,245261,8,4,1,7,1,1,1,0,0,0,13013554,13136493,Up
House,3,Residence,Registrable,138041,9,8,0,9,0,1,5,0,1,0,7780233,7919011,Up
Apartment,2,Non-Residence,Documented,64823,11,9,0,6,0,0,6,1,1,0,4214187,4307651,Up
Villa,0,Residence,Documented,616710,14,1,1,1,1,0,3,0,1,1,31655939,31774414,Up
Flat,21,Non-Residence,Registrable,189639,7,4,1,3,1,1,7,0,0,0,10390589,10523347,Up
House,2,Non-Residence,Registrable,180948,14,4,1,9,1,0,2,1,1,1,10188425,10265702,Up
Flat,7,Non-Residence,Registrable,701447,13,2,0,0,0,1,7,0,0,0,35842354,35979033,Up
Building,9,Non-Residence,Documented,236159,7,6,1,9,0,0,2,0,0,1,12676116,12780128,Up
Apartment,8,Non-Residence,Documented,390178,1,3,0,8,0,1,5,0,0,1,19996825,20049963,Up
House,1,Residence,Documented,105037,4,7,0,2,1,0,7,1,1,1,5886889,5986216,Up
Villa,0,Non-Residence,Registrable,242483,2,5,0,2,0,1,3,0,0,0,12391959,12528484,Up
Empty Land,0,Non-Residence,Registrable,567321,2,4,1,9,1,1,4,1,1,0,29013200,29131898,Up
Villa,0,Residence,Registrable,2417,2,5,1,8,1,0,1,0,1,1,723225,775977,Up
Flat,7,Non-Residence,Registrable,283262,4,8,1,9,1,0,3,1,0,1,15043378,15119143,Up
Empty Land,0,Non-Residence,Registrable,557042,14,3,0,2,0,1,9,0,0,0,28772775,28823612,Up
Villa,0,Non-Residence,Registrable,367936,1,7,1,7,0,1,10,0,0,1,19065065,19209075,Up
Villa,0,Non-Residence,Documented,510430,4,6,0,1,0,0,5,0,0,0,25882990,26010569,Up
Villa,0,Non-Residence,Documented,572150,2,1,0,2,1,0,8,1,1,0,28906107,29013104,Up
Farm House,0,Residence,Registrable,282772,5,7,0,1,0,0,2,0,1,1,14602711,14688212,Up
Empty Land,0,Non-Residence,Registrable,386425,3,7,0,0,0,0,3,0,1,1,19725582,19820352,Up
Villa,0,Residence,Documented,715243,12,1,0,1,1,0,7,1,1,0,36416712,36556320,Up
Apartment,19,Non-Residence,Documented,590333,8,9,0,7,1,0,10,1,1,0,30633562,30751751,Up
Apartment,17,Residence,Documented,82680,4,6,1,8,0,0,4,1,1,0,4961821,5099881,Up
Villa,0,Residence,Registrable,612746,1,2,0,1,1,0,9,0,1,1,30944416,31055010,Up
Flat,26,Residence,Documented,403581,1,5,1,6,0,0,7,1,1,0,20973643,21108912,Up
Villa,0,Non-Residence,Documented,302453,12,4,0,4,1,1,1,0,1,1,15894565,15982013,Up
Apartment,23,Non-Residence,Documented,379392,10,7,1,2,1,0,4,1,0,1,20004064,20138370,Up
Villa,0,Residence,Documented,5787,3,8,1,8,0,0,10,1,0,0,1075512,1163471,Up
Building,13,Non-Residence,Documented,258165,9,1,1,5,1,1,6,0,1,1,13847685,13947210,Up
Empty Land,0,Non-Residence,Registrable,9012,7,5,1,0,1,1,6,0,1,1,1109250,1237590,Up
Building,11,Residence,Registrable,657202,2,3,0,4,1,1,10,0,0,1,33456938,33588684,Up
Farm House,0,Non-Residence,Documented,456792,13,1,0,6,0,1,6,0,0,1,23704829,23788858,Up
Flat,22,Residence,Registrable,109372,9,3,0,3,1,1,5,1,0,0,6335090,6458259,Up
Building,18,Non-Residence,Registrable,93570,10,6,0,7,1,1,3,1,1,0,5747325,5805637,Up
Farm House,0,Residence,Documented,604555,2,7,1,9,0,0,2,1,0,1,30830023,30918323,Up
House,1,Non-Residence,Registrable,622617,3,8,1,4,0,1,3,0,0,1,31732690,31837684,Up
Empty Land,0,Non-Residence,Registrable,429974,11,4,1,8,1,1,9,0,0,1,22472489,22608254,Up
Villa,0,Residence,Documented,42578,13,3,0,8,1,1,3,1,0,1,3144670,3197554,Up
Building,16,Residence,Documented,368932,10,5,1,8,1,0,3,1,0,1,19608886,19679408,Up
Building,10,Non-Residence,Registrable,608312,14,9,0,0,0,1,1,0,1,0,31471630,31527253,Up
Villa,0,Residence,Registrable,228145,2,6,1,1,1,0,2,1,0,0,11952388,12013848,Up
Villa,0,Residence,Registrable,537007,3,9,1,2,0,1,3,1,1,0,27547280,27607514,Up
Flat,4,Residence,Documented,305573,6,6,1,3,0,1,2,1,0,0,15938408,16072447,Up
Building,4,Residence,Registrable,127809,9,2,1,9,1,0,8,0,0,1,7264887,7378465,Up
Building,11,Residence,Registrable,330088,9,5,1,8,1,0,6,1,0,1,17464498,17604134,Up
Apartment,21,Non-Residence,Documented,664427,7,9,0,9,0,1,7,0,0,0,34273557,34405967,Up
House,1,Residence,Registrable,464508,12,8,1,5,1,0,1,1,0,0,24264193,24361098,Up
Apartment,8,Residence,Documented,721301,3,7,0,0,1,0,6,0,1,0,36645222,36724642,Up
Farm House,0,Residence,Registrable,347199,4,1,0,8,0,1,2,1,1,1,17844332,17930145,Up
House,1,Residence,Documented,336342,6,4,0,5,1,1,6,1,1,1,17574049,17624431,Up
Apartment,16,Non-Residence,Registrable,387094,11,7,0,3,0,1,3,1,1,1,20329928,20418281,Up
Building,10,Residence,Registrable,661275,5,7,0,3,1,0,7,0,1,0,33818298,33877667,Up
House,3,Non-Residence,Documented,692019,2,6,0,2,0,1,3,1,1,0,35074615,35159600,Up
Building,9,Non-Residence,Documented,44425,13,8,0,6,0,1,9,1,1,1,3355638,3447893,Up
Empty Land,0,Residence,Documented,137523,6,6,0,2,1,0,3,0,0,1,7401158,7509419,Up
Flat,3,Residence,Documented,87888,3,3,1,1,0,0,7,0,1,1,4813561,4952758,Up
House,1,Non-Residence,Documented,532795,14,4,1,9,0,1,4,1,0,0,27747013,27858603,Up
Building,2,Non-Residence,Documented,258302,8,3,0,7,1,0,8,1,0,1,13732643,13828129,Up
House,1,Non-Residence,Documented,435548,2,1,0,3,1,1,2,1,1,1,22138374,22236257,Up
Farm House,0,Residence,Registrable,59096,1,5,0,7,1,0,8,1,0,0,3409685,3515003,Up
Flat,13,Non-Residence,Registrable,351505,9,1,1,0,0,1,9,1,0,1,18395442,18497008,Up
Empty Land,0,Residence,Registrable,540312,14,1,1,4,0,0,8,0,1,1,28011204,28061854,Up
Villa,0,Non-Residence,Registrable,522744,12,2,0,8,0,0,6,1,0,1,26967498,27058435,Up
Villa,0,Non-Residence,Registrable,412998,3,4,0,0,1,0,10,0,1,1,21128905,21200204,Up
House,2,Residence,Registrable,679790,11,6,1,3,0,0,1,0,0,0,34799810,34876672,Up
Building,4,Residence,Registrable,499597,1,8,1,5,0,1,7,1,1,1,25646995,25793684,Up
Farm House,0,Non-Residence,Documented,650289,7,3,0,9,1,0,1,0,0,0,33198869,33265181,Up
Flat,28,Residence,Registrable,148556,13,1,0,7,0,1,7,1,1,1,8601714,8662657,Up
Empty Land,0,Residence,Documented,14560,10,3,0,2,1,0,2,0,0,0,1279677,1398411,Up
Empty Land,0,Non-Residence,Registrable,738845,5,3,0,4,1,0,8,0,1,1,37497750,37565075,Up
Apartment,14,Residence,Documented,477772,5,5,1,6,1,1,2,1,0,1,24756106,24880374,Up
Empty Land,0,Residence,Registrable,519045,14,4,1,0,0,0,3,1,0,0,26754651,26875992,Up
Villa,0,Non-Residence,Registrable,190779,1,4,0,6,0,0,3,0,1,1,9905697,10008576,Up
Flat,28,Non-Residence,Registrable,730906,9,9,0,7,0,1,1,1,0,1,37639152,37773601,Up
Apartment,29,Residence,Registrable,685147,7,7,0,7,1,0,5,1,1,0,35278952,35395690,Up
Villa,0,Residence,Documented,40211,8,4,1,8,1,1,5,0,0,1,2843691,2957701,Up
House,3,Residence,Registrable,143526,9,3,0,5,1,0,10,0,0,1,7932057,8064627,Up
Empty Land,0,Non-Residence,Documented,335984,6,6,0,5,0,0,5,0,1,1,17425446,17478452,Up
Flat,2,Non-Residence,Registrable,465817,12,3,0,1,0,0,9,1,0,1,24034288,24146164,Up
Empty Land,0,Residence,Registrable,218634,5,6,1,2,0,1,6,1,1,1,11612744,11725972,Up
Villa,0,Residence,Registrable,103474,6,9,0,3,0,0,6,1,0,0,5839012,5941068,Up
Villa,0,Residence,Registrable,150146,11,6,1,3,0,0,3,0,0,0,8384905,8443410,Up
Villa,0,Non-Residence,Documented,402900,2,4,0,7,1,0,5,1,0,1,20616174,20686672,Up
Empty Land,0,Non-Residence,Documented,150668,4,5,0,0,0,0,10,0,0,1,8057832,8124337,Up
Flat,29,Residence,Documented,592516,3,6,0,9,1,0,7,0,1,0,30513604,30626122,Up
Flat,26,Residence,Registrable,689876,13,3,1,3,1,0,3,0,1,0,35712910,35769513,Up
House,3,Residence,Registrable,536034,7,8,0,3,0,0,2,0,0,0,27428147,27502891,Up
Empty Land,0,Residence,Registrable,439274,9,4,0,0,1,0,5,0,0,0,22536563,22655781,Up
House,1,Non-Residence,Registrable,512437,5,8,1,2,0,0,3,0,1,0,26268055,26331515,Up
Farm House,0,Residence,Documented,412097,6,3,1,4,0,1,5,0,0,0,21228202,21331475,Up
House,1,Residence,Documented,92763,10,7,1,5,1,0,9,1,1,1,5654559,5783654,Up
House,3,Non-Residence,Documented,536090,14,9,0,8,0,1,10,0,0,1,28035550,28114094,Up
House,3,Residence,Registrable,565945,12,4,1,8,0,1,1,1,0,1,29308017,29364881,Up
Villa,0,Residence,Documented,579705,12,8,0,8,1,1,4,1,1,1,30000175,30139489,Up
Farm House,0,Residence,Registrable,224310,2,3,1,0,1,0,10,1,0,1,11687028,11816798,Up
Apartment,12,Residence,Documented,97146,3,7,1,8,1,1,5,1,1,0,5810756,5889349,Up
House,1,Residence,Documented,345766,3,3,1,7,1,1,2,1,1,0,17836610,17931267,Up
Flat,11,Residence,Documented,490525,12,7,0,1,1,1,2,0,1,0,25501539,25553268,Up
House,3,Non-Residence,Documented,481203,12,6,0,0,1,0,1,1,1,0,24843321,24937836,Up
Villa,0,Residence,Registrable,343554,9,2,0,0,0,1,8,1,1,0,17704623,17842495,Up
Building,13,Non-Residence,Registrable,268052,7,3,0,5,0,0,2,1,1,0,14057145,14161426,Up
Apartment,4,Non-Residence,Documented,59879,8,6,0,8,0,1,3,0,0,1,3817788,3902724,Up
Farm House,0,Non-Residence,Documented,25553,11,4,0,6,1,1,2,1,1,1,2098750,2161163,Up
Building,14,Non-Residence,Registrable,403162,10,6,0,4,0,0,4,1,1,0,21058722,21156374,Up
Building,12,Residence,Documented,656782,11,1,0,1,1,0,1,1,0,1,33579808,33659572,Up
Farm House,0,Residence,Documented,99223,9,1,0,0,0,1,3,1,1,0,5416970,5530754,Up
Empty Land,0,Residence,Documented,576144,6,3,1,1,1,1,5,0,0,1,29477801,29573542,Up
Apartment,27,Residence,Registrable,273433,4,8,1,0,0,1,10,1,1,0,14635550,14758754,Up
Apartment,2,Non-Residence,Registrable,32654,12,8,0,2,1,0,1,0,1,0,2505300,2634096,Up
Flat,8,Non-Residence,Documented,214442,1,4,0,5,1,0,4,0,1,1,11185485,11312329,Up
Villa,0,Non-Residence,Documented,264980,8,6,0,7,1,1,6,1,0,0,14056042,14165815,Up
Farm House,0,Residence,Registrable,366321,7,8,0,2,1,1,4,1,0,1,18971338,19095770,Up
Building,19,Non-Residence,Registrable,281673,2,7,1,9,0,0,7,0,1,1,14995092,15064375,Up
Villa,0,Residence,Registrable,32765,8,7,1,8,0,0,7,1,1,0,2512046,2647173,Up
Villa,0,Non-Residence,Registrable,365560,12,4,0,9,1,1,6,1,0,0,19286798,19362080,Up
Empty Land,0,Residence,Registrable,243822,5,9,1,4,1,0,9,1,0,0,13062680,13177240,Up
Building,13,Non-Residence,Registrable,175444,7,6,1,6,1,1,2,0,0,1,9667038,9796493,Up
House,1,Non-Residence,Registrable,570985,4,3,0,7,0,0,10,0,1,1,29132659,29255869,Up
Villa,0,Residence,Registrable,448896,5,5,0,2,1,1,8,1,0,0,23022036,23168271,Up
Building,1,Non-Residence,Documented,155282,8,5,0,1,1,1,8,1,0,0,8407753,8554129,Up
Apartment,29,Non-Residence,Documented,685346,1,5,0,1,0,1,10,0,0,0,34956230,35059214,Up
Villa,0,Residence,Registrable,72407,1,8,1,4,1,0,4,0,0,0,4198543,4266935,Up
Empty Land,0,Non-Residence,Documented,203467,4,9,0,0,1,1,6,0,0,0,10734125,10881621,Up
Empty Land,0,Non-Residence,Registrable,303275,3,9,1,1,0,1,6,0,0,0,15846402,15901123,Up
House,1,Non-Residence,Documented,391682,13,6,0,8,1,0,5,0,0,0,20573801,20652998,Up
Empty Land,0,Non-Residence,Registrable,282747,10,6,1,6,1,1,1,0,1,1,15054626,15130799,Up
Building,11,Residence,Registrable,65272,12,9,0,5,0,1,3,0,0,1,4319271,4370337,Up
Farm House,0,Residence,Documented,126608,2,4,0,8,1,1,7,1,1,0,6837797,6980708,Up
Empty Land,0,Non-Residence,Documented,14882,12,6,1,6,0,0,8,0,1,0,1760176,1869594,Up
Farm House,0,Residence,Documented,84791,3,4,1,4,1,0,2,0,0,1,4772835,4890289,Up
House,3,Non-Residence,Documented,363839,11,1,1,8,1,0,3,1,1,0,19049132,19174125,Up
Apartment,13,Residence,Documented,659616,11,7,0,5,1,0,4,1,1,1,33958597,34084859,Up
Flat,2,Non-Residence,Registrable,283253,14,6,1,5,1,1,5,1,0,1,15313816,15378098,Up
Villa,0,Non-Residence,Registrable,148050,11,9,1,3,1,0,3,0,1,0,8435439,8510254,Up
Villa,0,Residence,Registrable,232550,1,7,1,0,0,0,5,0,0,1,12064614,12137208,Up
Building,19,Non-Residence,Documented,433382,1,7,1,4,1,0,8,1,0,1,22493665,22616649,Up
House,2,Non-Residence,Registrable,338327,6,2,1,8,1,1,8,1,0,0,17652825,17759336,Up
House,1,Non-Residence,Registrable,492813,5,9,1,7,0,1,2,1,0,0,25453825,25570503,Up
House,2,Non-Residence,Documented,387358,8,9,1,7,0,1,6,0,0,1,20320066,20455834,Up
Villa,0,Residence,Registrable,655118,2,6,1,4,1,0,4,1,0,0,33339867,33456818,Up
Empty Land,0,Residence,Documented,596103,4,3,1,8,0,1,9,0,0,1,30495261,30551635,Up
Villa,0,Residence,Documented,388849,8,1,0,2,1,1,10,0,1,1,20156516,20233490,Up
Villa,0,Residence,Registrable,14653,12,4,0,2,0,0,2,0,0,1,1407650,1556714,Up
Villa,0,Non-Residence,Registrable,601113,6,3,1,0,0,1,8,0,1,1,30603244,30722422,Up
Apartment,29,Non-Residence,Documented,241273,1,1,0,8,1,0,1,1,0,1,12665866,12799338,Up
Apartment,19,Non-Residence,Documented,55818,4,3,0,5,0,0,6,1,0,1,3426517,3508431,Up
Empty Land,0,Non-Residence,Registrable,394530,1,4,1,1,1,1,10,1,0,0,20254050,20354064,Up
Flat,5,Residence,Registrable,377677,13,8,1,7,0,0,1,0,1,0,19993085,20104464,Up
Building,9,Residence,Registrable,76577,2,9,1,8,0,0,2,1,1,0,4608138,4667485,Up
Flat,24,Residence,Registrable,134015,5,3,1,8,0,0,3,0,1,0,7481201,7621669,Up
Flat,12,Non-Residence,Registrable,207488,14,6,1,1,1,0,9,0,1,1,11528285,11637300,Up
Villa,0,Non-Residence,Documented,126385,8,5,1,1,1,0,5,0,1,1,7007515,7146644,Up
Flat,16,Non-Residence,Documented,542156,8,6,0,6,0,0,10,1,1,1,28040966,28157830,Up
Villa,0,Non-Residence,Registrable,671188,11,4,1,3,1,1,10,0,0,1,34542169,34642350,Up
Villa,0,Residence,Registrable,188514,3,6,0,0,1,0,2,0,0,1,9877829,9946589,Up
Building,19,Residence,Registrable,92251,11,7,1,7,1,0,10,1,1,0,5842948,5978109,Up
House,3,Residence,Registrable,230703,13,9,1,1,0,0,5,1,1,0,12555895,12697998,Up
Villa,0,Non-Residence,Registrable,695775,4,7,0,2,1,0,5,1,1,0,35293708,35421307,Up
Apartment,17,Residence,Documented,212451,10,6,1,4,0,1,1,0,1,1,11563392,11710558,Up
Flat,15,Non-Residence,Documented,505655,11,1,1,2,0,1,3,0,1,1,26064306,26206803,Up
Building,3,Residence,Registrable,196216,14,2,0,6,0,0,5,1,0,0,10704477,10757617,Up
Farm House,0,Residence,Registrable,585067,6,1,1,6,0,1,9,0,0,1,29845542,29978343,Up
Farm House,0,Non-Residence,Registrable,315672,11,9,0,1,0,0,10,0,0,1,16688746,16813012,Up
Farm House,0,Non-Residence,Documented,626,11,9,1,6,1,0,1,1,0,0,1022505,1134681,Up
Flat,17,Non-Residence,Documented,28132,10,7,1,5,1,0,8,1,0,1,2641290,2705347,Up
House,1,Residence,Documented,500815,3,2,0,9,0,0,1,1,0,0,25380172,25499265,Up
Empty Land,0,Residence,Registrable,721170,2,6,1,8,1,1,9,1,0,0,36790721,36869835,Up
House,3,Residence,Registrable,110445,6,4,0,8,1,1,6,1,0,0,6232227,6360974,Up
Building,9,Residence,Documented,317820,11,1,0,1,1,0,1,1,1,0,16501960,16608175,Up
House,1,Non-Residence,Documented,251369,13,1,0,6,1,0,8,1,1,1,13437275,13505855,Up
Farm House,0,Residence,Registrable,741926,5,5,1,4,1,1,5,1,0,1,37774945,37908815,Up
House,3,Non-Residence,Documented,499216,14,2,1,5,1,1,7,0,0,1,26008339,26068141,Up
Building,14,Residence,Documented,175899,10,4,0,0,1,0,7,0,0,0,9546377,9684234,Up
Building,8,Non-Residence,Documented,462620,5,1,1,6,0,1,7,0,1,1,23779459,23899002,Up
Farm House,0,Non-Residence,Registrable,135369,10,4,1,5,0,0,6,0,1,0,7674767,7729442,Up
Apartment,22,Residence,Registrable,179454,13,6,1,3,0,1,8,0,0,1,10264094,10328152,Up
Flat,19,Residence,Documented,669578,5,4,0,0,1,1,9,0,1,1,34238576,34337577,Up
Villa,0,Non-Residence,Documented,35060,10,1,1,8,1,1,2,0,0,0,2607277,2694796,Up
Empty Land,0,Residence,Registrable,284760,12,7,0,3,0,1,7,0,0,1,15147744,15269499,Up
Empty Land,0,Non-Residence,Registrable,133217,5,2,1,1,1,0,2,0,0,0,7188930,7254375,Up
Farm House,0,Residence,Documented,179095,3,9,1,7,1,0,6,0,0,0,9713343,9837297,Up
Apartment,25,Residence,Documented,648873,7,3,0,1,0,1,2,0,0,1,33088141,33227591,Up
Empty Land,0,Residence,Documented,380362,6,8,1,4,0,0,10,1,1,1,19792953,19938119,Up
House,3,Residence,Registrable,495092,4,8,0,5,0,1,6,0,0,1,25406684,25485379,Up
Building,18,Residence,Documented,100658,2,3,1,7,1,1,2,1,0,1,5680356,5826326,Up
Apartment,16,Non-Residence,Documented,709033,12,4,0,0,1,0,1,0,0,0,36288091,36389318,Up
Building,14,Residence,Documented,169002,9,2,1,0,1,0,7,1,0,0,9225291,9355283,Up
Farm House,0,Non-Residence,Documented,432998,1,4,1,3,0,0,3,0,1,1,22076029,22156214,Up
Building,16,Non-Residence,Documented,330888,13,9,1,4,0,1,4,1,0,1,17735635,17875327,Up
Villa,0,Non-Residence,Registrable,667554,13,2,0,8,1,0,6,0,0,1,34233187,34329095,Up
Building,17,Residence,Documented,318908,11,3,0,6,0,0,5,1,1,0,16822743,16916374,Up
Building,11,Non-Residence,Documented,468776,14,4,0,6,0,0,4,0,0,1,24380957,24478950,Up
Apartment,13,Non-Residence,Registrable,58045,4,5,1,7,1,0,9,1,0,0,3852840,3904918,Up
House,3,Non-Residence,Registrable,511911,1,1,0,4,0,1,6,0,0,1,25864236,26010122,Up
Flat,28,Non-Residence,Documented,13724,13,7,0,4,0,1,6,1,0,1,1886402,2014011,Up
Empty Land,0,Non-Residence,Documented,41238,6,7,0,0,0,1,2,1,1,0,2652150,2725928,Up
House,1,Non-Residence,Documented,181260,4,9,0,8,1,1,6,1,0,0,9874100,9947497,Up
House,1,Residence,Registrable,467225,5,4,0,5,1,1,7,1,0,1,23954859,24073716,Up
House,2,Non-Residence,Registrable,664437,5,6,0,8,0,1,8,1,1,0,33949063,34011400,Up
Empty Land,0,Non-Residence,Registrable,532858,9,2,0,2,1,1,8,1,0,0,27359951,27415962,Up
Farm House,0,Residence,Registrable,126661,1,4,0,4,1,0,9,1,0,1,6778589,6868444,Up
House,2,Non-Residence,Documented,533454,13,2,0,1,1,1,10,1,1,0,27527199,27652731,Up
Flat,5,Residence,Registrable,299012,2,5,0,9,0,1,3,0,0,0,15500305,15597150,Up
Farm House,0,Residence,Documented,662643,13,7,1,4,1,1,10,0,1,1,34375898,34445944,Up
Building,4,Non-Residence,Registrable,566702,6,1,1,7,0,1,7,0,0,1,28957557,29094587,Up
Flat,1,Non-Residence,Documented,202079,5,7,0,1,0,0,7,1,1,0,10717416,10774034,Up
Apartment,14,Residence,Documented,652526,11,6,1,7,1,1,1,1,0,1,33749674,33872109,Up
Farm House,0,Residence,Documented,504971,7,6,1,3,0,1,8,0,0,0,26018159,26099481,Up
Building,7,Residence,Registrable,330170,3,8,0,9,1,0,4,0,1,0,17289994,17373791,Up
Building,10,Residence,Documented,219467,3,8,0,9,1,1,5,1,0,0,11842442,11907570,Up
House,3,Non-Residence,Documented,383652,10,6,0,0,0,1,6,1,1,1,20006705,20089884,Up
House,2,Residence,Documented,94770,2,3,1,4,0,1,3,0,1,0,5137349,5254866,Up
Empty Land,0,Residence,Registrable,543885,13,5,0,0,1,1,5,1,1,0,28037040,28121113,Up
Villa,0,Residence,Documented,666255,3,2,1,6,1,1,10,0,1,0,33903065,34031079,Up
Flat,10,Non-Residence,Registrable,147813,10,5,0,7,1,1,5,1,0,1,8332503,8474468,Up
Empty Land,0,Residence,Documented,159268,1,9,1,2,1,1,1,0,1,1,8551160,8638523,Up
Empty Land,0,Residence,Registrable,247226,5,1,1,2,0,0,3,0,0,1,12871664,12933361,Up
Flat,3,Non-Residence,Documented,570951,14,5,0,6,0,0,3,1,0,0,29488499,29553921,Up
Farm House,0,Non-Residence,Documented,20316,12,6,0,3,0,1,1,0,1,0,1811186,1899566,Up
Apartment,21,Residence,Documented,315497,5,7,1,2,1,0,7,1,1,1,16689298,16835175,Up
Flat,8,Residence,Documented,156489,12,9,1,7,0,1,1,1,0,0,8928834,9039691,Up
Building,10,Residence,Registrable,621519,11,6,0,2,0,0,7,1,1,0,31895053,32012626,Up
Apartment,8,Non-Residence,Documented,677426,7,5,0,6,0,1,4,1,0,0,34531524,34656582,Up
Villa,0,Non-Residence,Documented,207024,4,7,1,1,0,0,9,1,1,0,11001163,11072422,Up
Farm House,0,Residence,Documented,587611,3,1,0,0,1,1,7,0,0,1,29714319,29841853,Up
House,2,Residence,Registrable,152378,1,5,1,5,0,0,5,1,0,1,8069654,8192276,Up
Villa,0,Residence,Registrable,731380,12,2,0,7,0,0,7,1,1,1,37452980,37504129,Up
Villa,0,Non-Residence,Registrable,526547,8,4,0,0,0,1,9,0,0,0,26918989,26991781,Up
House,2,Residence,Documented,435665,13,7,0,9,0,1,10,1,0,0,22920230,22986620,Up
Villa,0,Residence,Registrable,134054,3,5,1,8,1,0,6,0,1,1,7365433,7449637,Up
Farm House,0,Non-Residence,Registrable,451782,13,6,0,2,1,0,1,1,1,1,23483123,23569141,Up
Farm House,0,Residence,Registrable,94001,2,2,1,2,0,1,6,0,1,1,5056000,5199651,Up
Farm House,0,Non-Residence,Documented,264723,11,3,0,3,1,0,1,1,1,0,13916358,14055941,Up
Empty Land,0,Non-Residence,Registrable,60176,4,7,1,0,1,1,4,1,1,1,3572253,3704867,Up
Empty Land,0,Residence,Documented,742304,3,2,1,8,1,0,8,1,0,0,37792666,37864137,Up
Farm House,0,Non-Residence,Registrable,174032,13,6,0,2,1,0,5,1,0,1,9590809,9655072,Up
House,1,Non-Residence,Registrable,615185,1,5,1,9,0,1,5,1,1,0,31358956,31469265,Up
House,2,Residence,Documented,597635,3,1,1,3,1,1,10,0,0,0,30422446,30524897,Up
Flat,9,Non-Residence,Documented,618395,12,4,1,0,1,1,8,0,0,1,31945767,32066146,Up
Flat,4,Non-Residence,Documented,220678,2,2,1,3,0,0,8,1,0,0,11480585,11608554,Up
Farm House,0,Residence,Registrable,150021,8,4,0,0,0,0,1,0,0,0,8006299,8067858,Up
Apartment,3,Residence,Documented,427252,6,1,0,4,0,0,5,1,0,1,21831206,21944934,Up
Villa,0,Residence,Documented,588865,9,2,0,4,0,1,5,1,1,1,30163965,30218917,Up
Villa,0,Residence,Registrable,704162,8,8,1,6,1,0,8,1,1,1,36136570,36248296,Up
House,2,Residence,Documented,257509,10,6,1,7,0,0,1,0,0,0,13749440,13840050,Up
Apartment,14,Non-Residence,Documented,138217,3,2,0,3,1,1,7,1,0,0,7474573,7622902,Up
Villa,0,Non-Residence,Registrable,382415,5,6,0,6,1,0,7,0,1,1,19802243,19938710,Up
Building,16,Non-Residence,Registrable,562788,7,9,1,3,0,0,9,1,1,1,29256664,29308817,Up
Empty Land,0,Non-Residence,Registrable,551525,5,7,0,2,0,1,2,1,1,0,28331290,28186843,Down
Villa,0,Non-Residence,Documented,301209,8,9,0,5,1,1,3,0,1,1,16073528,16015509,Down
Villa,0,Residence,Registrable,186740,12,5,1,3,1,1,4,1,0,1,10548204,10412795,Down
Flat,5,Residence,Documented,577275,5,7,0,2,0,1,1,0,1,0,29706303,29559136,Down
Building,15,Residence,Registrable,274986,1,7,1,8,0,1,7,1,1,0,14746630,14658701,Down
Villa,0,Residence,Registrable,303450,5,3,0,4,0,1,10,1,0,1,15896121,15829093,Down
Empty Land,0,Non-Residence,Registrable,311414,4,7,1,6,1,1,3,1,1,0,16450781,16366161,Down
Villa,0,Residence,Documented,79123,6,1,1,5,1,1,3,0,1,0,4802844,4704370,Down
House,1,Residence,Documented,365821,3,9,1,9,0,1,3,1,1,1,19227363,19166740,Down
Building,9,Non-Residence,Documented,184175,11,6,1,4,1,0,8,0,1,1,10574614,10439110,Down
Villa,0,Non-Residence,Documented,737834,5,5,1,6,0,1,9,1,1,1,37834432,37780623,Down
Apartment,7,Residence,Documented,630735,2,7,0,5,1,1,10,1,0,0,32458191,32308576,Down
Building,13,Non-Residence,Registrable,652965,11,5,0,9,1,0,2,0,0,1,33850710,33707803,Down
Villa,0,Non-Residence,Registrable,216954,6,5,0,1,0,1,10,1,0,0,11651911,11550865,Down
Empty Land,0,Residence,Registrable,110075,13,7,1,2,0,0,10,1,0,1,6768700,6656204,Down
Empty Land,0,Non-Residence,Registrable,208106,12,7,0,1,0,0,1,0,0,0,11268998,11187259,Down
Building,8,Residence,Documented,506315,6,3,1,2,1,1,9,0,1,0,26286917,26183465,Down
Farm House,0,Non-Residence,Documented,293322,5,3,1,0,1,0,6,0,1,1,15423803,15300479,Down
Flat,12,Non-Residence,Documented,76718,6,3,0,7,0,1,9,1,1,0,4740551,4683574,Down
Flat,4,Non-Residence,Registrable,588018,11,6,1,5,1,1,6,0,1,1,30600297,30515459,Down
House,2,Non-Residence,Registrable,336699,7,6,0,1,0,0,2,0,1,1,17590394,17472202,Down
Farm House,0,Residence,Documented,450089,12,3,1,7,1,0,1,1,1,0,23529688,23475554,Down
Flat,29,Non-Residence,Registrable,687340,5,3,1,5,0,0,8,0,1,0,35430971,35327551,Down
Building,6,Residence,Registrable,478946,1,8,0,6,1,1,3,0,1,0,24737400,24657969,Down
Flat,5,Residence,Documented,462552,8,8,1,0,1,1,1,1,1,1,24143227,24024207,Down
House,1,Non-Residence,Registrable,334902,4,7,0,6,1,0,8,0,1,1,17666304,17566739,Down
Villa,0,Non-Residence,Documented,40486,9,4,1,2,1,1,1,1,1,1,2974266,2867273,Down
Flat,14,Residence,Registrable,680020,14,4,0,7,0,1,8,0,1,1,35323893,35215858,Down
Building,9,Non-Residence,Documented,348239,10,3,1,5,1,0,1,0,1,1,18468629,18371317,Down
Building,18,Non-Residence,Registrable,626146,12,5,0,3,0,0,9,1,0,1,32555124,32466208,Down
House,2,Residence,Documented,472827,6,3,0,7,0,0,9,0,1,0,24568524,24425714,Down
Apartment,15,Non-Residence,Documented,327573,1,8,1,8,0,0,9,1,0,1,17409194,17338501,Down
House,3,Residence,Registrable,598294,3,7,0,9,0,0,3,0,1,1,30719795,30631236,Down
Apartment,16,Non-Residence,Registrable,35411,3,3,1,1,1,0,4,0,1,1,2657973,2525134,Down
Empty Land,0,Non-Residence,Documented,425537,10,9,1,5,0,0,5,1,1,1,22502867,22402809,Down
Empty Land,0,Non-Residence,Documented,730899,12,5,0,4,1,0,6,1,0,0,37608650,37473520,Down
Empty Land,0,Non-Residence,Documented,609246,12,9,0,4,1,0,9,0,0,0,31746524,31611885,Down
Apartment,8,Non-Residence,Documented,12675,4,7,0,9,1,0,4,0,1,0,1531546,1469688,Down
Villa,0,Non-Residence,Documented,317415,6,7,0,2,1,1,6,0,1,1,16812743,16682205,Down
Building,19,Residence,Registrable,500376,7,6,0,7,0,1,1,1,1,1,26156447,26036016,Down
Empty Land,0,Residence,Registrable,646088,10,2,1,7,1,0,2,1,1,1,33314522,33221198,Down
Building,5,Non-Residence,Registrable,611713,4,9,0,4,0,1,8,0,0,0,31505312,31405368,Down
House,2,Non-Residence,Registrable,66858,6,6,1,7,1,1,4,0,0,1,4423556,4282869,Down
Villa,0,Residence,Registrable,411043,11,8,0,9,1,1,10,0,1,1,21924444,21798989,Down
House,3,Residence,Documented,47557,1,1,0,7,0,1,7,1,0,0,2990121,2895934,Down
Building,4,Residence,Registrable,268794,14,5,0,2,1,1,4,0,0,0,14639700,14502237,Down
Farm House,0,Non-Residence,Registrable,255226,8,1,1,1,1,1,9,1,1,1,13655267,13577120,Down
Apartment,28,Non-Residence,Documented,278676,7,8,0,8,1,0,9,1,1,0,15374949,15247035,Down
Farm House,0,Non-Residence,Documented,526986,11,8,1,1,1,0,4,0,1,1,27565637,27428556,Down
Empty Land,0,Residence,Registrable,709254,11,1,1,8,1,1,8,1,0,1,36629511,36500918,Down
Farm House,0,Residence,Registrable,167792,9,9,1,3,0,1,6,1,1,0,9430950,9379590,Down
House,1,Non-Residence,Documented,145431,3,2,0,1,1,0,1,0,0,1,7676376,7624328,Down
Apartment,1,Residence,Registrable,444176,2,9,1,9,1,1,7,0,1,0,23222960,23133940,Down
Farm House,0,Non-Residence,Documented,162991,1,1,0,0,0,1,1,0,1,0,8505933,8411998,Down
Flat,4,Non-Residence,Registrable,381509,3,9,1,3,1,1,3,0,0,1,19979538,19907056,Down
Villa,0,Residence,Registrable,402421,5,4,0,8,0,1,8,0,0,0,21034583,20893384,Down
Building,14,Non-Residence,Registrable,261410,14,9,1,8,1,1,9,0,0,1,14732817,14649844,Down
Apartment,23,Residence,Registrable,23736,11,7,0,3,1,0,3,0,0,1,2426997,2361812,Down
Empty Land,0,Residence,Documented,88455,2,6,0,8,0,0,1,1,0,0,5047320,4977621,Down
House,2,Non-Residence,Documented,741374,12,5,0,5,1,1,1,0,0,0,38151727,38045842,Down
Villa,0,Non-Residence,Registrable,627933,3,9,1,0,1,0,7,0,1,0,32222172,32130590,Down
Empty Land,0,Residence,Registrable,671218,4,2,1,9,0,1,5,0,0,1,34387834,34319773,Down
House,3,Non-Residence,Registrable,231285,7,2,0,5,0,1,1,0,0,1,12360221,12233206,Down
Farm House,0,Residence,Registrable,95414,13,9,1,8,1,1,6,0,1,1,6189887,6095290,Down
Apartment,10,Non-Residence,Documented,208490,3,3,1,1,0,1,6,0,0,1,11151909,11091017,Down
Building,10,Residence,Documented,378887,9,8,1,5,1,1,4,1,0,1,20227873,20153942,Down
Apartment,4,Residence,Registrable,539384,8,9,1,1,0,1,7,0,1,1,28070999,27996345,Down
Flat,12,Non-Residence,Documented,657139,4,8,1,3,1,1,7,1,1,1,33974725,33836247,Down
Flat,6,Non-Residence,Documented,194769,13,4,1,7,0,1,9,0,1,0,11040136,10931316,Down
Apartment,13,Residence,Registrable,392917,1,1,1,6,0,1,1,1,0,1,20323727,20219841,Down
Farm House,0,Residence,Registrable,138655,1,4,0,8,0,0,5,1,1,1,7537127,7414657,Down
Building,1,Residence,Registrable,121174,1,9,0,6,0,1,10,1,0,0,6964483,6819214,Down
Villa,0,Residence,Documented,257213,1,2,1,0,0,0,3,0,1,1,13341736,13206588,Down
Building,8,Non-Residence,Documented,442001,8,3,0,1,0,0,7,0,0,1,23003920,22856529,Down
Farm House,0,Non-Residence,Documented,543851,3,8,0,5,0,1,4,0,1,0,27933202,27808360,Down
House,3,Non-Residence,Documented,68142,6,6,0,6,0,0,4,0,1,1,4283024,4167700,Down
Apartment,16,Residence,Registrable,90593,3,8,1,2,0,1,1,0,1,0,5485342,5353262,Down
Apartment,5,Non-Residence,Registrable,508106,11,7,1,8,1,1,1,0,0,1,26678032,26563005,Down
Apartment,29,Residence,Registrable,217715,5,5,1,6,0,1,10,1,0,1,12139843,12088418,Down
Apartment,26,Residence,Documented,707780,13,9,1,5,1,1,2,1,1,0,36888348,36836615,Down
Villa,0,Non-Residence,Registrable,684389,14,4,1,5,0,0,2,1,1,0,35370300,35274925,Down
Flat,26,Non-Residence,Registrable,36454,13,6,0,0,1,0,1,0,1,1,3132601,3018190,Down
Farm House,0,Residence,Documented,28356,7,2,1,4,1,1,8,0,1,1,2339676,2279073,Down
House,3,Residence,Registrable,527361,2,2,0,9,0,0,6,1,0,0,27016558,26954406,Down
Farm House,0,Non-Residence,Documented,560155,6,2,1,2,0,0,6,0,1,1,28727254,28661453,Down
Empty Land,0,Residence,Documented,496053,13,7,0,6,1,0,10,0,1,0,26106217,25971775,Down
Empty Land,0,Non-Residence,Registrable,323418,6,2,1,9,1,1,10,0,0,0,17186899,17080581,Down
Empty Land,0,Non-Residence,Registrable,24252,11,2,1,2,0,0,9,1,0,0,2270430,2125457,Down
Flat,26,Residence,Documented,149257,3,9,1,4,0,0,5,1,1,1,8552402,8485417,Down
Building,3,Residence,Registrable,314337,6,7,1,6,0,0,4,0,1,1,16698739,16556268,Down
Villa,0,Residence,Registrable,117239,10,3,1,2,1,1,6,1,0,1,6850182,6779114,Down
Apartment,24,Residence,Documented,238509,10,3,1,9,0,0,8,1,0,0,13180967,13117436,Down
Flat,21,Residence,Registrable,208480,14,7,0,1,0,0,1,0,1,1,11696938,11612650,Down
House,2,Non-Residence,Documented,257109,5,5,1,5,0,1,7,0,0,0,13790060,13649043,Down
House,2,Non-Residence,Documented,389322,12,6,0,7,0,0,8,1,0,0,20641845,20500083,Down
Empty Land,0,Non-Residence,Documented,337176,2,8,1,3,0,1,9,1,1,1,17793171,17676518,Down
Villa,0,Non-Residence,Documented,344638,9,9,0,8,1,1,8,0,1,1,18477086,18328889,Down
Empty Land,0,Residence,Registrable,318777,8,1,0,7,1,1,7,0,0,0,16852466,16762398,Down
House,3,Non-Residence,Registrable,518771,3,3,0,6,0,1,3,0,1,1,26557896,26495437,Down
House,2,Residence,Registrable,323912,8,7,0,6,0,1,2,1,1,0,17155683,17019042,Down
Apartment,10,Residence,Documented,485917,14,6,0,2,1,1,3,1,1,1,25532093,25397093,Down
Building,9,Residence,Registrable,431959,9,7,0,5,0,0,4,0,1,0,22560636,22478082,Down
Apartment,18,Residence,Documented,188956,14,8,1,4,1,1,4,0,1,1,10958669,10838356,Down
Building,6,Residence,Documented,556441,3,6,0,0,0,0,6,0,0,0,28513415,28386447,Down
Apartment,20,Non-Residence,Registrable,158229,3,3,1,2,1,0,7,0,0,1,8829011,8764740,Down
Building,6,Residence,Registrable,229004,2,2,1,0,1,1,4,1,1,0,12073441,12019640,Down
Empty Land,0,Residence,Documented,646617,8,7,0,3,0,0,10,0,1,0,33287298,33164705,Down
Farm House,0,Non-Residence,Documented,653165,10,1,0,9,1,0,6,0,1,0,33554600,33478089,Down
Villa,0,Non-Residence,Documented,526410,1,3,1,2,0,0,9,1,0,0,26967610,26844564,Down
Building,10,Non-Residence,Documented,573544,8,4,0,3,1,1,6,0,0,0,29706757,29583122,Down
Flat,28,Residence,Registrable,41309,7,1,0,8,0,0,3,1,0,0,3094399,2963670,Down
Building,9,Residence,Registrable,541513,14,5,0,2,0,0,1,1,0,1,28190247,28085014,Down
Empty Land,0,Residence,Registrable,717256,7,3,0,5,0,1,10,1,1,0,36693889,36623878,Down
Villa,0,Residence,Documented,51726,3,2,0,5,1,0,10,0,1,0,3328005,3215042,Down
Building,9,Non-Residence,Documented,500012,1,3,0,6,0,0,5,1,0,1,25655930,25557030,Down
Apartment,3,Non-Residence,Registrable,605970,4,8,0,8,0,0,10,0,0,1,31175529,31104765,Down
Villa,0,Non-Residence,Registrable,476281,9,6,1,6,0,1,10,1,1,0,24948551,24846857,Down
Flat,12,Non-Residence,Registrable,29902,5,7,0,0,1,0,3,1,1,1,2421765,2301779,Down
House,3,Non-Residence,Documented,4763,1,6,1,7,0,0,8,1,1,1,1112749,982664,Down
Apartment,14,Non-Residence,Documented,178400,5,6,1,4,1,1,10,0,1,0,10023276,9966316,Down
Villa,0,Residence,Documented,572712,13,3,1,8,1,1,1,0,1,0,29802684,29736101,Down
Farm House,0,Residence,Registrable,336826,8,8,1,9,1,1,2,1,0,1,18053649,17931117,Down
Building,19,Non-Residence,Registrable,224637,8,7,0,4,0,0,3,0,1,1,12381901,12247798,Down
Apartment,10,Non-Residence,Registrable,452768,5,7,1,4,0,1,3,1,0,1,23574830,23510629,Down
Empty Land,0,Non-Residence,Registrable,298381,12,6,1,1,1,1,8,1,0,1,16127377,16006798,Down
Farm House,0,Non-Residence,Registrable,363976,9,5,1,2,0,1,5,1,1,1,19190092,19080073,Down
Farm House,0,Residence,Registrable,352207,1,8,1,9,0,0,8,1,0,1,18490554,18420134,Down
Empty Land,0,Residence,Documented,685233,4,5,1,8,1,1,6,0,0,0,35160342,35069740,Down
Empty Land,0,Residence,Registrable,511085,3,9,0,6,1,1,2,1,1,1,26455472,26352827,Down
Empty Land,0,Non-Residence,Registrable,692257,2,9,0,0,0,1,4,0,0,0,35219348,35116224,Down
Farm House,0,Non-Residence,Documented,391219,8,1,1,2,1,1,9,1,1,0,20481097,20382066,Down
Villa,0,Non-Residence,Documented,479861,7,6,0,1,0,1,4,1,1,1,24791590,24728961,Down
Empty Land,0,Residence,Documented,101871,9,7,0,0,1,0,5,1,0,0,6015414,5907683,Down
House,3,Residence,Documented,563497,2,3,1,8,0,0,5,1,1,1,28941454,28862779,Down
Farm House,0,Residence,Documented,192692,14,7,1,7,0,1,10,1,1,0,11023600,10971938,Down
Farm House,0,Non-Residence,Documented,150822,14,7,1,4,1,1,8,0,0,1,8943648,8813378,Down
Farm House,0,Residence,Registrable,21672,4,2,0,1,0,1,6,0,1,0,1597651,1540062,Down
Flat,5,Residence,Registrable,536343,14,7,1,0,0,0,10,1,0,1,28121138,28021774,Down
Villa,0,Non-Residence,Registrable,578064,6,1,0,6,1,0,7,0,0,0,29602996,29548341,Down
Villa,0,Residence,Registrable,582280,11,5,0,1,0,0,6,0,1,1,30093732,29969447,Down
Empty Land,0,Non-Residence,Documented,708862,3,9,0,0,0,0,5,1,0,0,36114497,36053700,Down
Farm House,0,Non-Residence,Documented,513819,8,7,1,1,0,1,5,1,1,0,26674071,26526605,Down
Apartment,22,Non-Residence,Registrable,222820,3,7,0,6,1,1,3,1,0,0,12094509,12037864,Down
Farm House,0,Residence,Documented,418478,14,2,1,6,1,1,7,1,1,1,22167741,22040310,Down
Empty Land,0,Residence,Documented,11546,12,8,1,9,1,1,10,0,1,1,2027450,1942688,Down
Villa,0,Non-Residence,Registrable,228571,13,3,1,5,1,0,5,0,0,1,12612101,12514467,Down
Empty Land,0,Residence,Registrable,378665,13,8,1,4,1,1,7,0,0,1,20228360,20156928,Down
Empty Land,0,Non-Residence,Registrable,709162,2,3,1,2,0,0,2,0,1,1,35993960,35896070,Down
Empty Land,0,Residence,Registrable,416866,13,7,0,2,0,0,9,1,1,0,22010645,21878251,Down
Empty Land,0,Non-Residence,Registrable,267497,13,2,0,8,0,1,8,1,0,1,14540818,14431707,Down
Empty Land,0,Non-Residence,Registrable,645688,3,4,0,3,1,0,5,1,1,1,32936676,32812907,Down
Building,9,Residence,Registrable,483115,11,6,0,8,0,0,2,1,1,0,25281047,25187436,Down
Building,1,Non-Residence,Registrable,415508,6,9,0,3,1,1,6,0,0,1,21756175,21608635,Down
Farm House,0,Non-Residence,Documented,583917,2,5,1,1,0,0,8,0,0,1,29855204,29778533,Down
Farm House,0,Non-Residence,Registrable,206050,8,9,1,3,1,0,7,1,1,1,11457659,11370899,Down
Apartment,15,Non-Residence,Documented,245383,1,5,0,5,0,1,8,0,0,1,13135278,12991301,Down
Apartment,24,Non-Residence,Registrable,638918,7,8,0,5,0,0,4,0,0,1,33085251,33007018,Down
Building,4,Residence,Documented,461014,2,1,0,4,1,0,3,1,1,1,23641165,23553574,Down
Villa,0,Residence,Registrable,671710,10,7,1,0,0,1,7,0,0,0,34607701,34489897,Down
Flat,26,Non-Residence,Registrable,122289,12,4,1,2,0,0,2,1,0,1,7390861,7249105,Down
Villa,0,Residence,Registrable,679918,6,5,1,4,1,1,5,0,1,1,34961437,34861346,Down
Apartment,7,Non-Residence,Registrable,701280,12,6,0,5,0,0,7,0,0,1,36162077,36107639,Down
Farm House,0,Non-Residence,Registrable,563678,2,5,0,0,0,0,1,1,1,0,28652635,28517730,Down
Building,6,Non-Residence,Documented,66517,2,1,0,8,1,1,4,1,0,0,3959760,3863864,Down
Villa,0,Non-Residence,Registrable,178876,10,9,0,2,1,1,2,1,0,0,10027670,9885531,Down
Flat,15,Non-Residence,Registrable,688781,13,2,1,9,1,0,6,0,1,0,35753430,35692111,Down
Empty Land,0,Residence,Registrable,499637,8,9,0,2,1,1,1,1,0,1,25980860,25850602,Down
House,2,Residence,Documented,657384,12,2,0,1,1,0,7,0,0,0,33732087,33676059,Down
Building,7,Residence,Documented,625212,2,9,0,7,0,1,3,1,0,1,32132129,32056189,Down
Building,3,Residence,Documented,693764,7,6,1,2,1,0,1,0,0,1,35671942,35524958,Down
Flat,21,Residence,Documented,558796,3,9,1,5,1,0,8,1,0,1,29062130,29003708,Down
Empty Land,0,Residence,Documented,393776,8,6,0,1,0,0,7,1,0,0,20504144,20402493,Down
Empty Land,0,Non-Residence,Documented,730526,7,6,1,6,0,0,2,0,1,1,37510366,37400718,Down
House,1,Residence,Registrable,608347,14,2,1,3,0,0,7,0,0,0,31469394,31375953,Down
Empty Land,0,Non-Residence,Registrable,55837,8,8,1,8,0,1,3,1,0,1,3925957,3855269,Down
Flat,29,Non-Residence,Registrable,275994,14,3,1,9,0,1,9,0,1,0,15419856,15323576,Down
Farm House,0,Residence,Documented,24854,7,7,1,8,1,0,8,1,1,0,2340874,2276402,Down
Empty Land,0,Residence,Registrable,45686,11,5,0,6,0,0,5,0,1,1,3293081,3162645,Down
Farm House,0,Non-Residence,Registrable,552933,6,3,0,7,1,1,7,0,0,1,28475008,28389337,Down
Apartment,13,Non-Residence,Documented,427736,13,1,0,2,0,1,3,1,1,1,22407190,22296381,Down
Apartment,2,Non-Residence,Registrable,610911,7,8,1,4,1,1,1,1,1,0,31591242,31467943,Down
Farm House,0,Non-Residence,Registrable,500383,5,3,1,1,0,1,1,0,0,0,25678843,25617883,Down
Flat,3,Non-Residence,Registrable,731046,7,2,1,9,1,1,2,0,1,0,37507212,37380592,Down
Building,13,Residence,Documented,741329,1,1,1,6,1,0,8,0,0,1,37776972,37724898,Down
Building,9,Residence,Documented,545369,1,4,0,7,1,0,1,0,0,0,27916439,27793078,Down
Building,19,Non-Residence,Registrable,613717,9,8,0,8,1,1,5,1,0,1,31965361,31880528,Down
Villa,0,Non-Residence,Registrable,285695,14,3,0,6,1,1,9,1,0,0,15509306,15368565,Down
Building,18,Non-Residence,Documented,576262,5,1,0,9,1,1,9,0,0,0,29780553,29694577,Down
Flat,5,Non-Residence,Documented,616536,13,4,0,9,1,1,2,1,1,0,32050836,31930626,Down
House,2,Non-Residence,Documented,126495,5,9,0,7,1,1,7,0,0,1,7387158,7271500,Down
Apartment,14,Non-Residence,Documented,246190,3,1,1,8,1,1,1,0,1,1,13219134,13119026,Down
Empty Land,0,Non-Residence,Registrable,332270,5,2,1,5,1,1,3,0,0,1,17354990,17283510,Down
Building,17,Non-Residence,Documented,429488,3,9,0,9,0,1,6,1,1,0,22569684,22469546,Down
Villa,0,Residence,Registrable,181053,9,2,1,1,1,1,9,0,0,0,9975226,9915783,Down
Apartment,3,Non-Residence,Documented,561196,9,3,0,1,1,0,10,1,0,0,28980412,28860443,Down
Apartment,7,Non-Residence,Registrable,260068,6,7,0,3,0,1,2,1,0,0,13851490,13800500,Down
Farm House,0,Residence,Documented,319778,1,3,1,8,1,1,7,0,1,1,16806679,16685587,Down
Villa,0,Non-Residence,Documented,152063,7,9,0,6,1,0,4,1,1,0,8643341,8501143,Down
Flat,9,Non-Residence,Documented,657201,7,6,0,1,0,0,2,0,1,0,33656464,33545128,Down
House,1,Non-Residence,Registrable,700483,14,3,0,7,0,0,3,0,0,1,36078955,35999858,Down
Building,4,Non-Residence,Registrable,615115,10,9,1,6,1,1,6,1,0,1,32068265,31948020,Down
Building,3,Residence,Registrable,394054,10,1,1,8,0,1,10,0,1,1,20911237,20771344,Down
Villa,0,Non-Residence,Registrable,203003,4,3,1,7,1,1,9,1,0,0,11065916,10996730,Down
Flat,26,Non-Residence,Documented,143826,8,1,1,2,1,1,8,1,1,1,8333919,8232563,Down
Villa,0,Non-Residence,Documented,707720,6,2,0,0,1,0,10,1,0,0,36115927,35966752,Down
Villa,0,Residence,Documented,11844,4,8,1,1,0,1,9,0,1,1,1498565,1363821,Down
House,1,Non-Residence,Registrable,395466,4,7,1,1,1,1,4,1,1,0,20663684,20525669,Down
Flat,9,Non-Residence,Documented,592745,2,2,1,3,1,0,4,0,0,0,30402856,30259842,Down
House,2,Residence,Documented,105923,14,2,0,5,0,1,9,0,1,0,6384339,6321417,Down
Flat,23,Residence,Documented,320697,2,9,1,3,1,1,8,1,0,0,17264338,17121723,Down
Building,7,Residence,Registrable,464571,12,6,1,8,1,1,2,1,0,0,24483561,24402795,Down
Empty Land,0,Residence,Registrable,671756,14,5,0,3,1,1,8,0,0,0,34710263,34640476,Down
Farm House,0,Non-Residence,Documented,187333,4,6,0,5,1,0,1,1,1,1,10094983,10022446,Down
Empty Land,0,Residence,Registrable,718412,5,9,0,5,1,0,9,1,1,0,36924023,36798104,Down
Apartment,29,Residence,Registrable,77954,8,7,0,9,1,0,9,1,1,0,5257086,5154052,Down
Flat,8,Residence,Documented,258094,6,9,1,9,0,0,8,0,0,0,14097374,13949943,Down
Empty Land,0,Non-Residence,Documented,512397,14,4,0,0,1,1,5,1,0,0,26655725,26560183,Down
Villa,0,Residence,Registrable,353244,4,2,1,7,1,1,5,0,1,1,18464891,18411684,Down
Building,10,Non-Residence,Registrable,516642,13,8,1,2,0,1,3,0,0,0,27120260,27042026,Down
Farm House,0,Non-Residence,Documented,38141,11,4,1,5,1,0,5,1,0,0,3026348,2945780,Down
Farm House,0,Residence,Documented,554499,7,9,1,2,1,0,4,1,1,1,28778557,28659924,Down
Apartment,1,Non-Residence,Documented,369540,8,4,1,1,0,0,1,0,1,0,19352941,19218383,Down
Farm House,0,Residence,Documented,668042,2,8,0,4,0,1,9,0,0,1,34221543,34116840,Down
Building,1,Residence,Documented,612621,12,9,1,0,0,1,10,1,0,0,31899375,31796752,Down
Empty Land,0,Non-Residence,Documented,318920,7,9,1,8,0,0,4,0,1,0,17000764,16897310,Down
Farm House,0,Non-Residence,Documented,282185,14,4,1,6,0,0,3,1,1,1,15306617,15156689,Down
Farm House,0,Non-Residence,Registrable,476026,2,1,0,2,0,1,6,0,0,1,24269058,24137554,Down
Flat,19,Non-Residence,Registrable,45313,2,3,1,3,0,1,1,1,0,1,3036621,2909936,Down
Villa,0,Residence,Documented,693058,8,9,1,5,1,1,5,0,0,0,35832076,35721445,Down
Flat,2,Non-Residence,Registrable,664680,2,4,0,2,1,0,7,1,1,1,33928796,33803543,Down
Empty Land,0,Non-Residence,Registrable,286714,11,5,1,6,1,0,2,1,0,1,15382334,15315692,Down
Building,12,Non-Residence,Documented,343203,9,7,1,5,0,0,10,0,0,0,18441378,18312202,Down
Building,13,Non-Residence,Documented,205115,12,5,0,8,1,0,9,1,0,0,11562846,11430473,Down
Flat,14,Residence,Documented,477157,1,4,1,4,0,1,6,0,0,0,24660480,24601490,Down
House,1,Residence,Registrable,566574,9,2,1,3,1,1,2,0,0,1,29262505,29158883,Down
Flat,3,Non-Residence,Documented,400453,1,2,1,2,1,1,8,0,0,0,20658903,20557240,Down
House,3,Non-Residence,Documented,288154,10,4,1,9,1,0,8,0,1,1,15618044,15563874,Down
Apartment,24,Residence,Registrable,282070,13,9,1,0,1,1,1,1,1,1,15533319,15458502,Down
Flat,17,Residence,Documented,37765,10,8,0,2,0,1,1,0,1,1,2960165,2905029,Down
House,1,Residence,Registrable,249821,2,3,0,2,0,1,1,0,0,1,12963846,12912134,Down
House,2,Residence,Registrable,66650,6,9,0,6,1,1,4,0,1,0,4338846,4194516,Down
Farm House,0,Non-Residence,Documented,612100,6,5,1,6,0,1,4,1,0,0,31536870,31413183,Down
Apartment,6,Non-Residence,Documented,90113,1,3,1,0,0,0,8,0,0,1,5087873,4985394,Down
Farm House,0,Residence,Documented,337554,7,5,1,2,1,1,1,1,0,1,17768390,17707917,Down
House,1,Residence,Registrable,122326,8,4,0,7,0,1,10,1,0,0,7176445,7045606,Down
House,2,Non-Residence,Documented,560223,2,8,1,8,0,0,3,0,0,0,28887538,28752507,Down
Villa,0,Non-Residence,Registrable,450848,8,5,1,6,0,0,1,1,1,1,23434264,23362639,Down
House,1,Residence,Documented,210517,9,8,1,6,0,1,9,0,1,1,11756041,11692280,Down
Farm House,0,Non-Residence,Documented,134555,6,9,0,7,1,1,10,1,1,1,7913205,7788751,Down
House,1,Residence,Documented,490957,5,4,0,5,1,1,9,1,0,1,25332593,25280772,Down
Building,9,Non-Residence,Documented,676522,12,7,1,2,0,1,7,0,1,1,35054830,34956184,Down
Villa,0,Non-Residence,Registrable,734047,9,2,1,0,1,0,8,1,0,0,37590697,37504497,Down
House,3,Residence,Documented,696858,13,6,1,6,1,1,1,0,1,1,36157420,36023531,Down
Farm House,0,Non-Residence,Documented,450562,12,8,0,0,1,0,5,1,1,0,23556723,23458473,Down
Farm House,0,Residence,Documented,94571,11,7,0,0,0,1,2,0,1,1,5653010,5518706,Down
Empty Land,0,Non-Residence,Documented,307191,9,7,0,8,0,1,1,0,1,0,16319548,16233101,Down
Farm House,0,Residence,Registrable,146889,1,8,1,9,1,1,3,0,1,1,8222097,8142913,Down
Villa,0,Residence,Registrable,640396,11,7,0,6,1,0,7,0,1,0,33153859,33054105,Down
Farm House,0,Residence,Documented,270208,3,5,1,3,0,1,1,1,0,0,14121864,14055053,Down
Building,4,Non-Residence,Registrable,683205,9,7,1,5,1,1,2,0,0,1,35310179,35233584,Down
Flat,9,Residence,Documented,638612,11,3,0,0,0,0,2,0,0,1,32810236,32668668,Down
Building,9,Residence,Registrable,254944,2,5,1,6,1,1,4,0,0,0,13579744,13511987,Down
Apartment,29,Non-Residence,Documented,604061,12,7,0,5,0,0,3,0,0,0,31465677,31403723,Down
Building,13,Non-Residence,Registrable,212337,4,9,1,3,0,1,3,1,1,0,11643334,11498005,Down
Villa,0,Residence,Registrable,110517,4,2,1,6,0,0,10,0,0,1,6292769,6181420,Down
Villa,0,Residence,Registrable,124118,2,4,0,2,0,0,5,1,0,0,6750566,6662636,Down
Empty Land,0,Non-Residence,Registrable,459797,3,7,1,0,1,0,3,0,0,1,23779684,23637342,Down
Farm House,0,Non-Residence,Registrable,125841,13,1,1,3,0,1,7,0,0,1,7352579,7213819,Down
Empty Land,0,Non-Residence,Documented,731392,3,2,1,2,1,0,5,0,0,1,37263293,37118521,Down
Villa,0,Residence,Registrable,552576,1,9,1,0,0,0,4,0,0,1,28236686,28182875,Down
Farm House,0,Non-Residence,Documented,442259,6,7,1,1,0,1,3,0,0,1,22992907,22912539,Down
Villa,0,Residence,Documented,564762,8,7,1,4,1,0,4,0,0,1,29216120,29133401,Down
Villa,0,Residence,Documented,541159,12,6,1,7,1,1,2,1,0,0,28257630,28198993,Down
Flat,23,Residence,Documented,423345,3,3,1,0,1,1,1,1,1,0,21989384,21927251,Down
Building,17,Non-Residence,Documented,707044,5,3,0,3,0,0,3,0,0,1,36127545,36030559,Down
Empty Land,0,Non-Residence,Documented,324560,1,2,0,3,0,0,2,0,0,0,16601990,16523119,Down
Empty Land,0,Non-Residence,Documented,598760,10,6,1,4,1,1,1,0,1,0,31065298,30922191,Down
House,1,Residence,Documented,193759,7,4,1,6,0,0,1,1,1,1,10525769,10434297,Down
Apartment,3,Residence,Documented,275628,10,5,0,7,1,0,2,0,0,0,14761786,14653453,Down
Flat,26,Non-Residence,Documented,610219,13,3,1,5,0,0,9,1,0,1,31955514,31850006,Down
Villa,0,Non-Residence,Documented,404332,1,6,0,0,0,0,5,1,0,1,20706029,20654628,Down
Villa,0,Residence,Registrable,630161,12,3,0,6,0,1,9,1,1,1,32566742,32506738,Down
Flat,26,Residence,Documented,181644,11,8,0,2,1,1,8,1,0,1,10544499,10395650,Down
Farm House,0,Residence,Documented,250695,9,9,1,5,0,0,6,1,1,0,13622355,13537054,Down
Empty Land,0,Residence,Documented,144248,8,4,1,7,1,1,1,0,1,0,8222347,8078803,Down
Villa,0,Non-Residence,Registrable,404532,7,9,1,6,1,0,10,1,1,1,21413919,21358018,Down
Apartment,29,Residence,Registrable,33233,10,7,0,9,0,0,5,1,1,0,3043695,2924074,Down
House,2,Residence,Documented,741540,7,3,0,5,1,0,1,0,1,1,37884675,37766924,Down
Empty Land,0,Non-Residence,Registrable,526838,5,7,0,8,1,0,7,0,0,1,27304756,27205947,Down
Building,15,Non-Residence,Registrable,110496,5,1,1,8,0,1,10,1,0,0,6622334,6491035,Down
Apartment,29,Non-Residence,Documented,558721,11,3,0,0,1,0,8,0,1,0,29115399,29007228,Down
Flat,14,Non-Residence,Documented,549739,13,6,0,0,1,1,8,0,1,1,28737491,28619771,Down
Empty Land,0,Residence,Registrable,557201,5,4,1,0,0,0,7,0,1,0,28641745,28527001,Down
Building,13,Residence,Registrable,166373,1,7,0,7,0,1,2,1,1,1,9044718,8984364,Down
House,1,Residence,Documented,711479,8,3,0,9,0,1,5,1,0,1,36578296,36428717,Down
Farm House,0,Residence,Documented,434316,12,1,1,6,1,1,4,0,1,0,22836988,22728128,Down
Flat,23,Residence,Documented,713635,11,9,1,2,1,1,5,0,1,1,37124136,37064632,Down
Farm House,0,Non-Residence,Documented,222388,1,6,0,1,0,0,10,1,0,0,11697844,11593524,Down
Apartment,15,Non-Residence,Documented,745953,4,8,1,3,1,1,9,1,0,1,38440757,38387234,Down
Villa,0,Residence,Documented,166972,9,3,0,2,0,0,4,0,0,1,9174794,9050551,Down
Farm House,0,Non-Residence,Registrable,398210,14,8,1,6,0,1,8,1,0,1,21309714,21173011,Down
Villa,0,Residence,Documented,212260,9,2,0,9,0,1,8,1,1,1,11586375,11502588,Down
Apartment,14,Residence,Documented,123244,5,4,1,7,1,1,2,0,1,1,7266174,7124767,Down
Building,4,Residence,Registrable,730551,4,3,0,5,1,0,6,0,1,0,37202747,37128765,Down
Empty Land,0,Residence,Documented,502446,3,1,1,2,0,1,5,1,1,1,25665200,25614151,Down
House,1,Residence,Documented,43501,3,7,1,5,0,0,2,1,1,0,2911981,2848600,Down
Building,11,Non-Residence,Registrable,592152,12,2,1,1,1,0,10,1,1,0,30821434,30703558,Down
House,2,Non-Residence,Registrable,239006,5,4,1,6,0,0,4,0,1,0,12729868,12631478,Down
Farm House,0,Residence,Documented,431289,10,9,1,9,1,1,7,0,1,1,22904453,22842392,Down
House,2,Residence,Registrable,656666,1,6,1,6,0,1,1,0,1,0,33565855,33444614,Down
Farm House,0,Non-Residence,Documented,712498,5,8,1,3,0,1,9,0,0,0,36624923,36524627,Down
House,2,Residence,Documented,653089,6,2,0,7,1,1,10,1,1,0,33573148,33499134,Down
Flat,16,Residence,Registrable,500222,7,7,0,3,1,1,1,0,0,1,26026781,25912246,Down
Building,19,Residence,Documented,685617,12,6,1,6,1,1,5,0,0,1,35788119,35639110,Down
Flat,16,Non-Residence,Documented,559424,9,9,1,3,1,1,7,1,0,1,29331694,29216503,Down
Empty Land,0,Residence,Documented,735957,3,7,0,4,1,0,8,0,0,1,37620102,37518526,Down
Empty Land,0,Residence,Documented,179852,2,1,0,6,0,1,2,1,1,0,9484760,9406613,Down
Villa,0,Non-Residence,Registrable,193783,14,8,1,9,0,0,4,0,0,1,11100390,10982370,Down
Villa,0,Residence,Registrable,450695,3,3,0,2,1,0,2,1,0,0,23120674,23014526,Down
Villa,0,Residence,Documented,431913,12,2,0,9,1,1,4,1,1,1,22677461,22625716,Down
Apartment,27,Non-Residence,Documented,304488,9,3,1,4,0,1,6,1,0,0,16465046,16392898,Down
Empty Land,0,Non-Residence,Documented,327398,12,6,1,2,0,0,6,0,1,1,17402317,17336101,Down
House,3,Residence,Documented,302686,7,3,1,4,1,0,2,1,1,1,16102930,15954847,Down
Farm House,0,Non-Residence,Documented,62165,9,5,0,2,1,1,4,0,1,1,4041266,3949337,Down
Apartment,11,Residence,Registrable,247084,13,6,1,9,0,0,4,0,1,1,13746940,13634303,Down
House,2,Residence,Registrable,117453,2,8,1,6,1,0,1,0,0,0,6743783,6633792,Down
Building,16,Non-Residence,Registrable,476572,5,7,0,0,0,0,2,0,1,1,24588276,24516264,Down
Empty Land,0,Residence,Documented,683236,13,8,1,8,0,0,3,0,0,1,35477969,35361656,Down
Farm House,0,Non-Residence,Documented,187126,4,3,0,8,1,1,5,0,0,1,10114449,10054924,Down
Farm House,0,Non-Residence,Documented,145771,2,4,0,4,0,1,8,1,1,0,7923354,7830006,Down
Farm House,0,Non-Residence,Registrable,119033,9,6,0,8,0,0,6,1,0,1,6935761,6825314,Down
Villa,0,Residence,Documented,598569,9,7,0,9,0,0,3,0,1,1,30969634,30850984,Down
Farm House,0,Non-Residence,Registrable,466466,6,9,0,5,1,0,6,0,0,0,24326026,24189996,Down
Farm House,0,Residence,Documented,66762,11,1,0,4,0,1,7,0,0,0,4200695,4083814,Down
Empty Land,0,Non-Residence,Documented,77398,6,8,1,2,1,1,6,0,0,0,4766253,4714212,Down
House,2,Non-Residence,Documented,456199,8,8,1,7,0,0,10,0,0,1,23995661,23865795,Down
Apartment,16,Residence,Documented,149869,6,6,1,3,0,0,6,1,1,0,8606870,8478136,Down
Apartment,7,Residence,Registrable,555236,1,4,0,9,0,0,1,1,1,1,28424329,28322503,Down
House,1,Non-Residence,Documented,288816,4,3,1,2,0,1,3,0,0,0,15126298,15001015,Down
Flat,13,Residence,Documented,8157,13,3,0,5,0,0,7,0,0,1,1572487,1505414,Down
Flat,5,Residence,Registrable,478102,7,6,1,7,1,0,4,1,0,0,25067767,24921945,Down
Building,1,Non-Residence,Registrable,375499,13,8,0,8,1,0,4,0,0,0,19984056,19906028,Down
Empty Land,0,Non-Residence,Registrable,684691,13,7,1,5,0,0,7,0,1,0,35507460,35365814,Down
Flat,5,Residence,Documented,8406,2,1,0,4,1,0,9,0,0,1,1018224,944784,Down
Flat,22,Non-Residence,Documented,324057,9,6,1,1,1,1,2,1,0,0,17428732,17345845,Down
Empty Land,0,Non-Residence,Documented,578816,8,7,0,1,0,1,9,1,0,1,29906594,29817657,Down
House,2,Non-Residence,Documented,296304,8,7,1,8,1,1,3,0,1,0,16025221,15910176,Down
Building,11,Residence,Registrable,469474,7,9,0,1,1,0,6,1,0,0,24507365,24395862,Down
Building,2,Residence,Registrable,715580,4,5,1,1,1,1,4,1,1,0,36633773,36505991,Down
Building,18,Residence,Registrable,627767,2,1,1,2,1,0,1,0,1,1,32115345,32037917,Down
Flat,15,Non-Residence,Registrable,35201,3,2,1,2,0,1,9,1,0,1,2610128,2558515,Down
House,2,Residence,Registrable,83800,12,4,0,3,1,1,6,1,0,1,5311016,5212673,Down
Building,13,Non-Residence,Documented,673534,6,5,0,6,0,0,8,1,0,0,34659653,34536494,Down
Empty Land,0,Non-Residence,Documented,84060,12,9,0,8,0,0,2,1,1,1,5367364,5257237,Down
Building,2,Non-Residence,Documented,243115,12,1,0,1,1,0,7,1,1,1,13113132,13011044,Down
Apartment,19,Non-Residence,Registrable,44142,5,3,0,3,0,1,6,1,0,0,3116302,2995107,Down
Villa,0,Residence,Registrable,517583,12,5,1,8,1,0,2,0,1,0,27004540,26909517,Down
House,3,Non-Residence,Documented,491536,8,3,0,1,0,1,2,0,0,1,25254870,25175217,Down
Villa,0,Non-Residence,Documented,327804,6,4,1,9,1,1,4,0,0,1,17415144,17287528,Down
House,2,Residence,Documented,365964,6,3,1,0,1,1,4,1,0,0,19144622,19017110,Down
Farm House,0,Non-Residence,Documented,613589,1,4,0,9,0,0,3,0,0,1,31201941,31136223,Down
Empty Land,0,Residence,Documented,288575,4,1,1,7,1,0,8,1,0,0,15227832,15102955,Down
Farm House,0,Residence,Documented,94877,5,8,0,8,1,0,7,1,0,0,5718512,5614293,Down
Flat,17,Residence,Registrable,327416,12,4,0,6,1,1,2,0,1,1,17637659,17533705,Down
Flat,15,Non-Residence,Documented,452478,11,7,0,7,1,1,3,1,1,1,23924313,23858017,Down
Farm House,0,Residence,Registrable,312750,3,2,1,3,0,0,10,0,1,0,16317848,16241563,Down
House,1,Non-Residence,Documented,605909,13,2,0,3,0,1,9,1,0,1,31334879,31232569,Down
Building,14,Residence,Registrable,26059,9,6,0,1,0,1,5,0,0,0,2255752,2191618,Down
Villa,0,Residence,Registrable,558530,1,2,0,7,1,1,2,0,0,1,28527254,28423612,Down
Empty Land,0,Residence,Registrable,677614,6,6,1,1,0,0,3,0,1,0,34673343,34528470,Down
Building,3,Residence,Documented,135544,6,2,0,8,1,1,8,0,0,1,7645192,7594737,Down
Flat,17,Non-Residence,Documented,112717,10,4,1,3,1,1,4,1,1,1,6878337,6755158,Down
Building,3,Non-Residence,Documented,566661,5,7,1,0,1,0,2,0,0,0,29161154,29040998,Down
Farm House,0,Residence,Documented,403619,12,8,0,3,0,0,2,1,1,1,21184919,21126052,Down
Farm House,0,Residence,Registrable,658880,5,3,1,2,0,0,6,0,0,0,33593183,33517606,Down
Apartment,13,Residence,Documented,87488,10,9,1,5,0,0,8,0,0,1,5718261,5639614,Down
Apartment,25,Non-Residence,Documented,570436,14,2,0,6,0,0,7,0,1,1,29823719,29724825,Down
Villa,0,Residence,Documented,126491,13,8,0,7,1,0,4,1,1,1,7610930,7469923,Down
Flat,18,Residence,Registrable,403232,5,8,0,1,0,1,2,0,1,1,21071623,20950988,Down
House,1,Non-Residence,Registrable,506579,6,4,1,5,0,1,9,0,0,0,26260407,26196520,Down
Empty Land,0,Residence,Documented,527184,8,1,0,5,0,1,4,1,1,0,27093434,27000120,Down
Farm House,0,Residence,Documented,84582,2,1,1,9,0,1,9,0,1,1,4992496,4894293,Down
Empty Land,0,Residence,Documented,128822,6,2,1,4,1,0,5,1,0,0,7264316,7121111,Down
Flat,7,Residence,Documented,657451,1,9,1,9,0,1,7,0,0,0,33865492,33815433,Down
House,1,Non-Residence,Registrable,11803,4,2,1,9,0,0,5,0,1,1,1344077,1281404,Down
Apartment,23,Non-Residence,Documented,162133,14,2,1,6,0,0,2,0,0,0,9420267,9314916,Down
Farm House,0,Non-Residence,Documented,334363,10,6,0,2,1,1,6,1,1,0,17815082,17676851,Down
Villa,0,Residence,Registrable,250190,3,7,0,3,0,1,7,0,1,1,13241673,13120606,Down
Empty Land,0,Residence,Documented,100116,9,7,1,9,0,0,6,0,1,1,6160886,6042586,Down
Flat,5,Non-Residence,Documented,86731,3,9,1,8,0,0,3,0,0,1,5255196,5203402,Down
Empty Land,0,Residence,Documented,269958,6,6,0,3,1,0,10,1,1,1,14340565,14279844,Down
Apartment,2,Residence,Registrable,20123,1,8,0,2,1,0,8,1,1,0,1769353,1660067,Down
Apartment,17,Non-Residence,Registrable,723535,12,6,1,1,0,1,3,1,0,1,37373600,37317914,Down
House,1,Non-Residence,Documented,490542,6,2,1,4,0,0,5,1,1,0,25336286,25238843,Down
Villa,0,Residence,Documented,458798,4,1,0,3,1,1,9,1,1,0,23648618,23503615,Down
Apartment,21,Non-Residence,Registrable,477340,8,5,0,7,1,0,5,1,1,1,25065514,24951251,Down
House,2,Residence,Registrable,105728,13,9,1,6,1,0,7,0,0,0,6703029,6590307,Down
Apartment,4,Non-Residence,Registrable,426846,11,8,0,5,1,0,7,0,1,0,22544379,22441806,Down
Farm House,0,Non-Residence,Documented,707616,9,4,0,1,1,1,5,0,0,0,36245583,36182695,Down
Building,9,Residence,Registrable,682152,4,5,1,2,0,0,2,0,0,1,34867757,34778409,Down
House,1,Residence,Registrable,521047,10,5,1,9,0,1,5,0,1,0,27127727,27064194,Down
House,3,Non-Residence,Registrable,69774,12,6,1,8,0,1,7,1,1,1,4817934,4746018,Down
Empty Land,0,Residence,Documented,134041,10,3,0,8,0,1,7,1,0,1,7723336,7611914,Down
Apartment,26,Residence,Registrable,54447,6,5,1,4,1,0,4,1,1,0,3909287,3808762,Down
House,2,Residence,Documented,678394,1,2,0,2,1,1,1,0,1,0,34377120,34323567,Down
Flat,4,Non-Residence,Documented,195192,4,1,1,1,1,1,6,1,0,1,10449918,10391774,Down
Farm House,0,Residence,Documented,49374,7,1,1,7,1,0,3,0,1,1,3375678,3234633,Down
Empty Land,0,Residence,Documented,574496,12,7,0,5,1,0,5,1,1,1,29847875,29737944,Down
Empty Land,0,Non-Residence,Registrable,75053,1,2,0,9,0,1,4,0,0,1,4309011,4195299,Down
Building,9,Non-Residence,Documented,593132,8,4,1,6,0,1,2,1,1,1,30643682,30588245,Down
Farm House,0,Non-Residence,Documented,710162,12,5,1,0,0,0,7,0,0,0,36585857,36445774,Down
Flat,8,Non-Residence,Documented,572426,10,7,0,0,0,1,5,1,0,1,29586636,29504118,Down
Farm House,0,Residence,Registrable,78749,12,2,1,9,0,1,7,0,1,0,5063160,4989330,Down
House,3,Residence,Registrable,527507,11,6,0,1,1,1,9,1,0,1,27519744,27395459,Down
Building,13,Non-Residence,Registrable,678750,6,1,0,9,1,0,4,0,1,0,34881362,34784809,Down
Flat,2,Non-Residence,Registrable,470952,5,7,1,2,1,1,5,0,1,1,24522818,24384933,Down
Building,19,Residence,Documented,430225,10,9,0,0,1,0,9,0,0,0,22805133,22660308,Down
Farm House,0,Residence,Documented,43034,11,5,0,4,1,0,10,0,0,0,3182190,3126275,Down
Villa,0,Non-Residence,Documented,496018,14,5,0,2,0,0,4,1,0,1,25789725,25711030,Down
Farm House,0,Residence,Registrable,617029,9,4,1,0,0,1,5,1,0,0,31748436,31623166,Down
House,2,Residence,Registrable,412503,2,3,0,7,0,0,5,1,0,1,21201150,21136447,Down
Building,5,Non-Residence,Registrable,126709,5,9,1,5,1,1,8,0,0,1,7477547,7339512,Down
Villa,0,Non-Residence,Documented,442561,6,5,1,8,1,0,4,1,1,0,23059020,22987542,Down
House,3,Non-Residence,Documented,189504,7,8,1,2,1,1,4,0,1,0,10569979,10452061,Down
Building,10,Non-Residence,Documented,616912,5,9,0,8,1,1,7,1,0,1,31972209,31892081,Down
Building,17,Residence,Registrable,616447,9,5,0,8,0,1,5,0,1,1,32021324,31918074,Down
Farm House,0,Non-Residence,Registrable,164634,1,9,1,0,1,0,6,1,0,1,9064196,8923077,Down
Apartment,20,Residence,Documented,76213,7,2,1,2,0,1,6,0,0,0,4758343,4671217,Down
Building,16,Residence,Registrable,743123,10,9,0,5,1,1,6,0,1,0,38449755,38352956,Down
Building,17,Residence,Documented,489472,7,4,1,7,0,0,10,1,1,1,25737285,25593057,Down
Empty Land,0,Non-Residence,Documented,75918,4,6,1,3,1,0,5,1,0,0,4659033,4550785,Down
Apartment,1,Residence,Registrable,128732,9,6,0,4,1,1,5,1,0,0,7439698,7356791,Down
Building,15,Non-Residence,Documented,521051,14,6,1,8,0,0,9,0,0,0,27492868,27435224,Down
Farm House,0,Non-Residence,Documented,163538,12,2,0,5,0,0,8,0,1,1,9176898,9092315,Down
Empty Land,0,Non-Residence,Documented,168883,11,7,0,6,1,0,4,0,0,1,9564192,9459632,Down
Empty Land,0,Residence,Documented,326496,5,6,1,6,0,1,7,1,0,0,17228112,17162927,Down
Villa,0,Non-Residence,Documented,259222,4,1,0,3,1,0,8,0,1,0,13556590,13464602,Down
House,1,Non-Residence,Registrable,132579,13,2,0,3,1,1,9,1,1,1,7734425,7673979,Down
Empty Land,0,Residence,Documented,202553,7,7,0,3,0,0,5,0,1,0,10958005,10884843,Down
Flat,11,Non-Residence,Registrable,601030,4,1,1,4,1,0,3,1,0,1,30816374,30752224,Down
Empty Land,0,Residence,Documented,179089,3,1,1,4,1,1,4,0,0,1,9659556,9568252,Down
Flat,22,Residence,Registrable,503738,9,1,1,7,0,0,10,0,1,1,26413513,26268140,Down
Apartment,5,Non-Residence,Registrable,29757,11,8,0,8,1,0,6,1,0,1,2765739,2679736,Down
Villa,0,Non-Residence,Registrable,480988,8,4,0,1,1,0,10,0,0,1,24924690,24822944,Down
Flat,4,Non-Residence,Documented,435923,1,4,1,6,1,0,5,0,1,1,22549713,22432790,Down
Villa,0,Non-Residence,Registrable,144853,7,2,1,0,1,1,9,1,1,1,8143290,8015545,Down
Villa,0,Residence,Documented,323890,9,1,0,0,0,1,3,0,0,0,16855870,16804887,Down
Villa,0,Non-Residence,Documented,264079,8,9,1,3,0,1,2,1,1,1,14207984,14110870,Down
Flat,26,Non-Residence,Registrable,230447,8,7,1,9,0,1,6,1,1,0,13009965,12862278,Down
Flat,21,Residence,Registrable,232258,13,4,1,6,1,1,7,0,0,0,13099627,12998353,Down
Villa,0,Non-Residence,Documented,616145,6,6,1,1,0,1,5,0,0,0,31670232,31532893,Down
Apartment,24,Non-Residence,Documented,158232,11,2,1,1,0,1,1,0,0,1,8980205,8910827,Down
Villa,0,Non-Residence,Documented,728455,4,7,0,0,0,0,3,1,0,0,36978549,36921001,Down
Apartment,9,Non-Residence,Registrable,608595,8,2,1,9,1,1,3,0,0,1,31483609,31393988,Down
House,3,Non-Residence,Documented,439255,3,8,1,1,0,1,4,1,0,1,22814105,22697794,Down
Apartment,16,Residence,Documented,139063,13,8,0,6,0,1,10,0,1,0,8397774,8260873,Down
Apartment,12,Non-Residence,Documented,506547,9,1,0,8,1,0,6,0,1,0,26378566,26232323,Down
Apartment,18,Residence,Documented,706052,13,8,0,5,1,1,5,1,1,0,36801565,36661892,Down
Villa,0,Residence,Documented,326532,2,2,0,9,1,1,1,0,0,0,16871644,16800113,Down
Building,3,Residence,Documented,598397,2,6,1,1,1,1,6,0,0,1,30676036,30608166,Down
House,3,Residence,Documented,254473,12,1,1,9,1,0,9,0,0,0,13908422,13808875,Down
House,2,Non-Residence,Documented,283597,13,5,1,9,1,1,1,0,0,0,15394967,15299229,Down
House,2,Non-Residence,Documented,377326,12,7,1,8,0,0,8,0,0,0,20135142,20017605,Down
Building,13,Residence,Documented,514757,7,1,0,6,0,0,8,1,1,0,26584328,26519572,Down
House,1,Non-Residence,Documented,679681,12,2,0,0,1,0,3,0,0,0,34864441,34756734,Down
House,3,Non-Residence,Documented,431283,10,7,1,8,1,0,9,1,1,1,22880409,22789579,Down
Flat,21,Residence,Registrable,115874,4,6,1,1,0,1,8,0,0,1,6900536,6757137,Down
Farm House,0,Non-Residence,Documented,549648,10,3,1,3,1,0,3,0,1,1,28438870,28378824,Down
Flat,26,Residence,Documented,677055,8,2,1,8,1,0,10,1,1,0,35192037,35118385,Down
Villa,0,Residence,Documented,602263,9,4,0,3,0,1,5,0,1,0,30965655,30860626,Down
Villa,0,Non-Residence,Documented,484590,7,3,1,2,1,0,3,0,1,1,25040709,24953753,Down
Apartment,21,Non-Residence,Documented,677287,5,7,0,0,1,0,5,1,1,1,34778944,34715058,Down
Empty Land,0,Non-Residence,Registrable,289727,8,8,0,6,0,0,9,1,1,1,15587594,15451313,Down
Farm House,0,Residence,Documented,742906,4,2,0,5,0,0,4,0,1,1,37709744,37627921,Down
Building,5,Residence,Registrable,648574,2,7,0,9,0,0,6,1,0,0,33217649,33128701,Down
Flat,11,Non-Residence,Documented,532601,11,8,1,3,0,0,3,1,0,0,27846479,27783157,Down
Villa,0,Residence,Registrable,32098,12,6,1,5,0,1,3,1,1,0,2747450,2624120,Down
Building,17,Non-Residence,Registrable,506434,6,6,1,5,1,1,5,1,0,1,26488092,26431930,Down
House,1,Non-Residence,Documented,617894,9,1,1,3,1,1,8,0,0,1,31917115,31784822,Down
Building,2,Non-Residence,Registrable,289726,1,4,0,5,1,1,8,0,1,1,15178962,15123057,Down
Flat,24,Non-Residence,Registrable,227786,11,1,0,9,1,0,3,1,0,0,12646508,12502207,Down
Farm House,0,Residence,Documented,438285,10,4,0,7,1,0,8,0,1,0,22949517,22842034,Down
Empty Land,0,Non-Residence,Registrable,12245,12,2,1,2,0,0,8,1,0,1,1614777,1526320,Down
Apartment,26,Residence,Registrable,144597,7,5,0,3,1,1,3,0,1,0,8338940,8204000,Down
Flat,1,Residence,Registrable,233232,10,9,0,9,1,1,10,0,0,1,12943242,12877862,Down
Apartment,4,Residence,Documented,670148,9,3,0,0,1,0,10,1,1,1,34436280,34370772,Down
Farm House,0,Residence,Documented,613974,10,8,0,3,1,0,2,1,0,1,31678920,31609244,Down
Villa,0,Residence,Documented,213530,9,3,1,9,1,1,10,0,0,0,11852457,11713661,Down
Apartment,9,Residence,Documented,724738,10,6,0,9,0,1,2,0,0,1,37355513,37233080,Down
Villa,0,Non-Residence,Registrable,566634,11,4,0,8,1,1,9,0,1,1,29474665,29423101,Down
Building,2,Residence,Documented,338576,13,8,1,7,1,1,7,1,1,0,18286495,18222625,Down
Flat,3,Non-Residence,Registrable,149054,3,6,1,3,1,0,6,0,0,1,8304730,8240511,Down
Villa,0,Residence,Documented,286055,11,8,1,6,1,1,7,1,0,1,15595744,15463767,Down
House,3,Non-Residence,Documented,444691,13,1,0,9,1,1,8,1,1,0,23355315,23285435,Down
House,2,Non-Residence,Registrable,454261,5,6,0,2,1,0,1,1,0,1,23399689,23339310,Down
Empty Land,0,Residence,Registrable,506018,8,1,0,8,0,0,8,0,0,1,26110454,26006160,Down
Building,13,Non-Residence,Documented,341441,8,1,0,9,1,0,3,1,1,1,18019944,17966996,Down
Villa,0,Non-Residence,Documented,314951,4,8,1,3,0,1,3,0,1,0,16634341,16489212,Down
Empty Land,0,Residence,Documented,284686,12,7,0,1,0,1,6,1,0,1,15302595,15216693,Down
House,3,Residence,Documented,577718,11,3,0,9,1,1,4,0,1,1,30011425,29877918,Down
Empty Land,0,Residence,Documented,438129,11,6,1,4,1,1,4,0,0,1,23025518,22966549,Down
Empty Land,0,Residence,Registrable,225195,1,9,1,1,1,0,4,1,0,0,12034861,11922056,Down
Villa,0,Residence,Documented,296400,1,7,1,9,0,0,10,1,1,0,15669876,15599230,Down
Villa,0,Residence,Registrable,53768,4,3,0,5,1,1,9,0,0,0,3438735,3328169,Down
Villa,0,Residence,Documented,432930,6,6,0,9,1,1,8,0,1,1,22662532,22556714,Down
Building,11,Residence,Documented,213443,8,4,0,0,1,1,3,1,1,0,11563093,11449642,Down
Apartment,10,Non-Residence,Registrable,422318,6,3,0,5,0,0,1,1,0,1,21853345,21799667,Down
Empty Land,0,Residence,Documented,709191,12,9,0,3,0,1,1,0,1,0,36606648,36463593,Down
Empty Land,0,Non-Residence,Registrable,573689,9,2,1,2,1,0,1,0,0,0,29540802,29421923,Down
Building,3,Residence,Registrable,362630,9,1,1,1,0,1,4,1,1,0,18973729,18919715,Down
House,3,Residence,Documented,194988,14,2,0,6,1,0,6,0,0,0,10768194,10713087,Down
Flat,20,Residence,Registrable,688056,2,7,0,8,0,0,4,1,1,1,35334358,35246935,Down
Apartment,9,Residence,Documented,391030,10,1,0,2,1,1,3,1,0,0,20443467,20361135,Down
House,1,Non-Residence,Documented,663284,1,6,0,5,0,0,8,1,0,1,33846610,33762600,Down
Building,10,Non-Residence,Documented,242031,2,7,0,8,1,0,8,1,1,1,13117148,12978213,Down
Apartment,21,Residence,Documented,247193,5,9,1,1,1,1,6,0,0,1,13542320,13489659,Down
Apartment,23,Non-Residence,Documented,704150,4,8,1,6,0,0,9,1,0,0,36357002,36302204,Down
Empty Land,0,Residence,Documented,551219,4,6,1,4,0,1,10,1,0,0,28450860,28334784,Down
Empty Land,0,Non-Residence,Documented,238860,9,3,0,4,0,0,1,0,0,1,12634250,12561921,Down
Villa,0,Residence,Registrable,345355,11,8,0,6,0,0,8,0,0,0,18372383,18266323,Down
Villa,0,Non-Residence,Documented,507903,8,7,1,8,0,0,6,1,0,1,26463876,26388026,Down
Empty Land,0,Non-Residence,Registrable,26885,6,3,1,3,1,0,1,1,1,0,2108221,1973516,Down
Empty Land,0,Non-Residence,Documented,431874,1,9,0,8,1,1,4,1,1,0,22364570,22311413,Down
Farm House,0,Residence,Documented,416735,2,2,1,9,0,1,5,1,1,1,21543220,21455735,Down
Apartment,25,Non-Residence,Registrable,281283,6,3,1,8,1,1,7,1,1,0,15236554,15181218,Down
Villa,0,Residence,Registrable,86030,11,2,0,3,1,0,8,1,0,1,5319437,5196736,Down
Villa,0,Non-Residence,Registrable,284207,2,1,1,2,0,0,9,0,0,1,14811870,14668716,Down
House,3,Residence,Registrable,378316,13,4,1,1,1,1,6,0,1,0,20097464,20005184,Down
Empty Land,0,Residence,Documented,430160,10,5,1,8,1,1,10,1,0,0,22740617,22638472,Down
Apartment,23,Residence,Documented,402427,5,6,0,1,0,1,9,0,1,0,21109096,20979806,Down
Empty Land,0,Non-Residence,Registrable,730178,14,5,1,5,0,1,4,0,0,1,37713787,37658578,Down
Building,12,Non-Residence,Documented,345614,5,1,1,4,1,0,8,1,0,0,18164133,18052731,Down
House,1,Residence,Registrable,243873,6,3,1,4,0,1,3,0,1,0,13064351,12934325,Down
Flat,21,Residence,Registrable,348197,6,1,0,3,1,0,4,0,0,0,18273013,18129876,Down
Flat,21,Residence,Registrable,162279,14,5,0,5,0,1,10,1,1,0,9482482,9424837,Down
Flat,17,Non-Residence,Registrable,170682,6,5,1,4,0,0,4,1,1,1,9536385,9447877,Down
Apartment,22,Non-Residence,Registrable,717648,14,6,0,3,0,1,6,1,1,0,37243152,37135330,Down
Farm House,0,Non-Residence,Documented,607667,2,8,1,8,0,1,9,0,0,1,31251028,31195010,Down
Villa,0,Non-Residence,Registrable,238760,14,1,0,5,1,0,6,1,0,0,12956059,12855151,Down
Apartment,5,Non-Residence,Registrable,671111,10,4,0,9,0,0,1,0,1,0,34481537,34405163,Down
Flat,24,Residence,Documented,647201,14,1,1,9,0,1,5,1,0,0,33785365,33729652,Down
Building,8,Residence,Registrable,331404,13,9,1,9,1,0,9,1,1,1,18201074,18055466,Down
Apartment,18,Residence,Registrable,48337,14,7,1,2,1,1,5,1,1,1,3962665,3825594,Down
Apartment,11,Residence,Documented,518849,3,7,0,9,1,0,6,1,0,0,26964044,26817188,Down
Villa,0,Non-Residence,Documented,553329,14,5,1,5,1,1,3,0,1,1,28965326,28822227,Down
Villa,0,Non-Residence,Documented,79583,6,7,0,0,0,1,8,0,0,1,4864144,4729646,Down
Flat,22,Residence,Documented,559319,13,2,0,4,1,1,10,1,0,0,29217678,29166652,Down
Villa,0,Non-Residence,Documented,271356,8,4,1,9,0,1,4,0,0,0,14636187,14516178,Down
House,3,Residence,Registrable,366745,12,7,0,5,1,1,4,1,1,0,19564716,19444513,Down
House,2,Non-Residence,Registrable,599532,13,3,1,7,0,1,5,1,1,0,31220631,31119525,Down
Flat,26,Non-Residence,Registrable,654537,11,2,0,8,1,1,10,0,0,0,34132079,33988654,Down
Apartment,15,Residence,Documented,607291,12,2,1,2,0,1,9,0,0,0,31643566,31501890,Down
Building,6,Residence,Documented,254846,1,1,0,1,0,0,8,1,1,1,13242827,13110321,Down
Villa,0,Residence,Documented,610496,1,5,0,3,1,0,7,1,0,0,31165278,31033801,Down
Empty Land,0,Non-Residence,Documented,715972,11,6,1,7,0,0,5,1,0,0,36957256,36812692,Down
Apartment,19,Non-Residence,Documented,627259,13,6,0,7,0,1,9,0,1,0,32730317,32646865,Down
Flat,17,Non-Residence,Documented,158161,2,9,1,2,0,1,9,1,1,0,8994335,8856373,Down
Farm House,0,Residence,Registrable,685875,11,4,0,3,0,1,10,1,1,1,35308055,35254787,Down
Villa,0,Residence,Documented,160581,12,1,0,2,1,0,10,1,0,1,9036681,8905952,Down
Flat,23,Residence,Registrable,389090,12,6,0,9,0,0,2,1,1,1,20798841,20655239,Down
Flat,10,Non-Residence,Registrable,717906,6,5,1,1,0,0,4,1,1,0,36758970,36708312,Down
Building,5,Non-Residence,Registrable,682003,9,6,1,3,1,0,8,1,1,0,35247681,35163617,Down
Empty Land,0,Residence,Documented,6654,4,3,1,5,1,0,1,0,1,1,1020692,936399,Down
Villa,0,Residence,Documented,677664,3,2,1,4,1,1,5,1,1,1,34579046,34486004,Down
Flat,28,Residence,Documented,64788,12,6,1,2,0,0,8,1,1,0,4616096,4558304,Down
Flat,16,Non-Residence,Documented,51695,8,1,0,1,0,1,2,0,1,0,3345950,3289346,Down
Apartment,12,Non-Residence,Documented,283225,11,7,0,8,1,1,2,0,0,0,15399064,15301243,Down
Villa,0,Residence,Registrable,446364,10,7,1,0,0,1,8,1,1,0,23401123,23312566,Down
Flat,26,Residence,Registrable,292731,14,7,0,8,1,0,10,0,0,0,16172313,16114893,Down
Flat,21,Residence,Documented,705790,9,1,0,0,0,0,9,1,0,1,36199796,36111275,Down
Flat,27,Non-Residence,Registrable,164553,12,4,0,6,1,1,7,0,1,0,9637613,9525662,Down
House,1,Non-Residence,Registrable,594086,11,7,0,5,0,0,8,0,0,1,30770004,30696986,Down
House,1,Non-Residence,Documented,731164,5,9,1,6,1,0,5,1,1,0,37621833,37508757,Down
Empty Land,0,Residence,Registrable,437124,9,5,0,2,0,1,1,0,0,1,22635544,22580436,Down
Building,1,Residence,Registrable,39999,2,2,1,2,1,1,4,1,1,1,2703510,2560824,Down
Apartment,2,Residence,Documented,388460,3,7,1,0,0,1,2,0,0,1,20150369,20029586,Down
Apartment,5,Residence,Registrable,445985,7,1,0,3,0,1,3,1,1,0,23045196,22921259,Down
Villa,0,Residence,Documented,694419,7,7,1,1,0,1,3,0,1,0,35533564,35466557,Down
Building,19,Residence,Documented,245698,6,6,0,9,1,0,9,1,0,0,13477062,13417065,Down
Building,15,Residence,Documented,468035,6,7,0,7,0,1,10,1,0,1,24489397,24434136,Down
Apartment,1,Residence,Registrable,621135,2,3,0,2,0,0,4,1,1,1,31621179,31501375,Down
House,3,Residence,Registrable,311431,10,3,1,6,0,0,2,1,0,0,16585722,16464202,Down
Empty Land,0,Residence,Registrable,298132,6,7,1,6,1,1,3,0,1,1,15942770,15871844,Down
Building,18,Residence,Documented,337085,4,2,1,8,0,1,3,1,0,1,17864760,17717362,Down
Apartment,3,Non-Residence,Registrable,730523,12,1,0,5,1,0,7,0,1,1,37581169,37433175,Down
Building,9,Residence,Registrable,22931,3,9,0,0,0,1,8,0,0,1,2020588,1905042,Down
Flat,24,Residence,Documented,324325,13,9,0,7,1,0,6,1,1,0,17673617,17606473,Down
Villa,0,Non-Residence,Documented,195055,11,7,1,0,1,1,4,1,0,1,10816596,10740693,Down
Empty Land,0,Residence,Documented,647508,13,7,0,2,0,1,6,0,1,0,33463628,33412451,Down
Apartment,4,Non-Residence,Registrable,573941,2,3,0,4,1,0,1,0,0,1,29354687,29212205,Down
Villa,0,Non-Residence,Documented,269012,1,2,1,7,1,0,10,0,1,1,14239412,14128460,Down
House,1,Residence,Registrable,176576,11,7,1,8,0,1,8,1,0,0,10117636,10058468,Down
Building,9,Residence,Documented,220224,11,9,1,6,1,1,1,1,0,1,12319876,12267487,Down
Building,3,Non-Residence,Documented,581773,5,1,0,8,1,1,5,0,1,0,29850894,29794530,Down
Farm House,0,Residence,Documented,314970,2,4,0,2,1,0,2,0,0,0,16229506,16152473,Down
Villa,0,Residence,Documented,633525,2,6,0,4,1,1,6,0,0,0,32409843,32311298,Down
House,2,Residence,Registrable,736921,7,7,1,9,0,1,9,1,1,0,37969570,37907705,Down
Apartment,8,Non-Residence,Registrable,679258,8,7,1,7,1,1,5,0,1,0,35196470,35127534,Down
Farm House,0,Non-Residence,Registrable,51361,13,2,1,0,1,1,4,0,1,0,3650071,3522208,Down
Farm House,0,Residence,Documented,338541,10,4,1,7,0,0,2,0,1,0,17989015,17841227,Down
Flat,26,Residence,Registrable,213477,8,5,0,6,0,0,3,0,0,1,11747100,11693359,Down
Farm House,0,Non-Residence,Documented,651906,14,1,0,0,1,0,6,1,0,0,33585298,33445761,Down
Farm House,0,Non-Residence,Documented,721501,4,1,0,9,0,1,8,0,0,1,36732547,36678708,Down
Flat,7,Residence,Registrable,9578,14,3,0,9,0,1,8,1,1,1,1719172,1650033,Down
Building,17,Residence,Documented,325412,1,3,0,5,0,1,5,1,0,1,17030688,16933783,Down
Building,16,Residence,Documented,575835,11,8,0,0,0,0,5,0,0,0,29918304,29777370,Down
Empty Land,0,Non-Residence,Registrable,395641,7,9,0,1,0,0,10,1,1,0,20711866,20609117,Down
Farm House,0,Non-Residence,Registrable,215548,1,1,0,4,0,0,3,0,0,1,11181705,11106669,Down
Villa,0,Residence,Documented,642620,11,2,1,1,0,0,7,0,0,0,33030947,32935675,Down
Building,18,Non-Residence,Registrable,649938,4,2,1,9,0,1,6,0,1,1,33490841,33439101,Down
House,3,Residence,Documented,157587,8,4,0,0,0,0,1,0,0,1,8564254,8430210,Down
Apartment,2,Residence,Registrable,33820,2,2,1,5,1,0,4,0,1,1,2372406,2263618,Down
Villa,0,Residence,Documented,327525,6,7,0,7,1,1,6,1,1,0,17315777,17234166,Down
Empty Land,0,Residence,Documented,615615,13,9,0,7,1,0,6,1,0,1,32123794,32002967,Down
Farm House,0,Residence,Documented,513787,6,7,1,7,1,1,3,0,0,0,26717515,26636406,Down
Flat,29,Non-Residence,Registrable,364859,12,6,0,5,1,1,6,1,0,1,19695098,19625617,Down
Empty Land,0,Non-Residence,Registrable,260431,9,1,0,2,0,1,10,0,1,0,13769675,13714428,Down
Villa,0,Residence,Documented,407345,5,9,0,0,0,1,6,1,1,1,21222831,21119210,Down
Flat,20,Non-Residence,Registrable,549614,10,5,0,1,1,1,9,1,0,0,28635637,28564254,Down
House,1,Residence,Registrable,101234,4,5,0,4,1,0,9,0,0,1,5853031,5738496,Down
Flat,7,Non-Residence,Registrable,158202,5,6,0,9,0,0,2,1,1,0,8724764,8649445,Down
Flat,29,Non-Residence,Documented,177735,12,9,0,4,1,1,4,1,0,0,10357602,10268268,Down
House,3,Non-Residence,Registrable,99011,12,8,1,9,0,0,9,1,0,0,6342300,6268572,Down
Building,15,Non-Residence,Registrable,274297,10,8,1,0,1,1,4,0,1,1,14991590,14842434,Down
Building,17,Residence,Registrable,683821,11,8,0,0,0,0,8,1,0,1,35409014,35328572,Down
Flat,10,Non-Residence,Documented,606729,5,1,1,8,1,0,10,1,0,1,31349894,31213048,Down
Apartment,20,Non-Residence,Documented,729997,8,1,0,1,0,0,3,1,0,0,37341232,37248711,Down
Flat,29,Non-Residence,Documented,99318,10,8,0,6,1,0,3,1,0,0,6304122,6189345,Down
Empty Land,0,Non-Residence,Registrable,152860,12,5,0,9,1,0,9,1,1,1,8903801,8766813,Down
Apartment,9,Non-Residence,Documented,619869,8,9,0,3,0,0,10,1,1,1,32034317,31972180,Down
Building,16,Non-Residence,Registrable,561665,2,2,1,6,0,0,8,1,1,0,28898570,28804934,Down
House,3,Non-Residence,Registrable,374206,7,9,1,7,1,1,1,1,1,1,19832675,19767770,Down
Farm House,0,Non-Residence,Documented,212457,8,8,1,4,1,1,10,1,0,0,11824722,11687413,Down
Farm House,0,Residence,Registrable,73215,11,9,1,0,0,1,2,0,0,0,4670815,4590791,Down
Flat,22,Residence,Documented,141898,6,4,0,3,0,0,3,1,0,0,8008331,7893365,Down
Flat,27,Residence,Registrable,634879,5,1,1,9,0,0,2,1,0,1,32770375,32702673,Down
Farm House,0,Non-Residence,Registrable,519552,11,1,0,2,1,1,3,1,1,0,26810425,26743920,Down
Empty Land,0,Residence,Registrable,133132,9,5,0,9,1,1,8,1,0,1,7774014,7654224,Down
Empty Land,0,Residence,Registrable,83686,13,2,1,4,0,0,6,1,0,0,5281826,5170755,Down
Empty Land,0,Residence,Registrable,687750,3,8,0,9,1,1,7,0,1,1,35249724,35191226,Down
Villa,0,Non-Residence,Documented,151594,12,5,1,9,1,1,10,0,1,1,9019662,8891952,Down
House,1,Residence,Documented,595104,13,5,1,5,0,1,10,0,1,0,31082219,30973763,Down
Villa,0,Residence,Documented,28880,13,2,1,1,1,1,6,0,0,0,2559351,2414393,Down
Flat,8,Residence,Documented,634986,10,7,1,6,0,0,1,1,1,0,32825876,32746143,Down
Empty Land,0,Residence,Registrable,265000,4,8,1,2,0,1,3,1,0,0,14097361,13979929,Down
Empty Land,0,Residence,Registrable,70826,9,1,0,0,1,1,1,1,0,1,4267314,4160156,Down
Farm House,0,Residence,Documented,639782,6,2,1,9,1,1,10,0,1,1,32993471,32939560,Down
Farm House,0,Residence,Documented,221471,8,4,1,2,0,1,9,0,1,1,12006409,11907304,Down
Apartment,23,Non-Residence,Registrable,469433,7,5,0,8,0,0,9,0,1,1,24654379,24530503,Down
Empty Land,0,Residence,Documented,168984,11,2,1,9,0,1,5,0,0,1,9591719,9458760,Down
Building,7,Residence,Registrable,484910,2,1,1,5,1,1,4,1,0,0,25007638,24893316,Down
Farm House,0,Non-Residence,Registrable,342205,3,9,0,5,0,1,9,1,0,0,18002989,17916317,Down
House,1,Non-Residence,Documented,225814,1,1,0,3,0,1,9,0,1,1,11886436,11766024,Down
Villa,0,Non-Residence,Registrable,439216,9,4,1,7,0,1,3,1,0,0,23005371,22889132,Down
House,3,Non-Residence,Registrable,580018,13,2,0,4,0,0,5,0,0,0,29934271,29820467,Down
Farm House,0,Non-Residence,Documented,492372,7,4,1,6,1,1,3,0,0,0,25621074,25509347,Down
Empty Land,0,Residence,Documented,517498,1,8,0,8,1,1,10,0,0,0,26726176,26669736,Down
Flat,5,Residence,Registrable,520484,3,8,1,4,0,0,2,0,1,0,26913791,26766318,Down
Building,7,Residence,Documented,466257,4,9,1,4,1,1,1,1,0,0,24324296,24206736,Down
Farm House,0,Non-Residence,Registrable,374984,4,5,1,3,1,0,10,1,1,1,19627675,19561924,Down
House,2,Residence,Documented,508562,5,7,0,5,1,1,2,0,1,0,26222980,26160250,Down
Flat,13,Residence,Registrable,584109,14,3,1,1,0,0,8,0,0,0,30457033,30342241,Down
Farm House,0,Non-Residence,Registrable,132528,3,4,0,2,1,0,8,1,0,1,7320144,7248764,Down
Empty Land,0,Non-Residence,Registrable,231947,3,9,1,0,1,1,3,1,1,1,12382784,12303812,Down
Apartment,18,Residence,Registrable,441624,1,1,1,1,0,0,7,0,0,1,22819163,22704778,Down
Empty Land,0,Non-Residence,Registrable,626545,7,2,1,1,0,1,7,0,1,0,32096923,32009810,Down
Empty Land,0,Residence,Registrable,433159,11,5,1,7,1,0,2,0,0,1,22777667,22717518,Down
Empty Land,0,Non-Residence,Registrable,301707,10,3,1,7,1,0,9,0,0,0,16233050,16128036,Down
Farm House,0,Residence,Registrable,376869,14,2,0,1,0,1,3,0,1,1,19725223,19636821,Down
Apartment,22,Residence,Registrable,379044,1,1,0,5,0,0,2,1,0,0,19650466,19517549,Down
Building,14,Residence,Documented,343462,2,3,0,4,0,1,3,1,1,0,17861669,17762112,Down
Building,18,Non-Residence,Registrable,267347,13,1,1,2,0,0,2,0,1,1,14563401,14415506,Down
House,3,Non-Residence,Documented,720988,4,1,1,4,1,0,8,0,0,0,36722575,36672332,Down
Farm House,0,Non-Residence,Documented,596887,13,1,0,4,0,1,5,0,1,0,30713234,30660820,Down
Apartment,17,Non-Residence,Documented,419565,4,8,1,4,1,1,3,0,0,0,21966884,21913028,Down
Apartment,19,Residence,Registrable,687720,5,3,1,2,1,0,5,1,0,0,35335832,35214033,Down
Empty Land,0,Residence,Registrable,32085,11,1,1,2,1,1,8,1,0,1,2630889,2499554,Down
Building,7,Residence,Documented,415731,2,7,0,3,0,1,7,0,1,1,21599154,21490205,Down
Farm House,0,Residence,Registrable,568373,4,3,0,6,0,0,6,1,0,1,29059449,28968057,Down
Flat,21,Non-Residence,Registrable,289602,1,8,0,1,1,0,1,0,0,0,15238089,15175619,Down
Building,4,Non-Residence,Registrable,288661,2,4,0,9,1,1,10,0,1,1,15224343,15160571,Down
Building,15,Non-Residence,Registrable,387321,1,4,0,3,1,0,1,1,1,1,20048054,19970672,Down
Apartment,29,Non-Residence,Registrable,280422,10,5,1,3,1,1,1,0,1,0,15326328,15176883,Down
House,1,Residence,Registrable,701101,10,6,1,0,1,1,10,1,1,1,36222378,36102716,Down
Building,16,Non-Residence,Documented,42729,13,7,1,9,0,1,8,0,0,1,3673192,3538248,Down
Flat,25,Non-Residence,Documented,87152,4,4,1,7,0,1,8,0,0,1,5547090,5416691,Down
Empty Land,0,Non-Residence,Documented,249974,4,8,0,0,0,1,7,0,0,0,13223587,13160003,Down
Villa,0,Residence,Documented,704224,7,6,0,7,1,1,6,0,0,1,36120694,36047303,Down
House,2,Residence,Documented,260616,10,1,1,6,1,0,4,1,1,1,14085219,13949843,Down
Flat,2,Residence,Registrable,521485,11,1,0,8,0,1,1,0,1,1,27002060,26915095,Down
House,3,Non-Residence,Registrable,20475,11,9,1,7,0,0,9,1,0,0,2373896,2232689,Down
Farm House,0,Residence,Registrable,158295,9,6,1,4,1,1,1,1,1,0,8920889,8858792,Down
Empty Land,0,Residence,Documented,416995,9,8,1,7,0,0,4,0,1,1,21967759,21898920,Down
Building,6,Residence,Documented,209873,5,7,1,9,0,0,3,1,1,1,11519095,11385785,Down
Farm House,0,Residence,Registrable,197633,10,6,0,2,0,0,7,0,1,1,10831291,10743598,Down
Building,19,Residence,Documented,705013,1,4,1,9,1,1,5,1,1,0,36305218,36203230,Down
Apartment,28,Residence,Registrable,295786,1,7,0,6,1,0,5,1,0,0,15810550,15710781,Down
Flat,18,Non-Residence,Registrable,589112,6,9,1,3,0,0,4,0,0,1,30542825,30490356,Down
Empty Land,0,Non-Residence,Registrable,176537,2,7,1,4,1,1,1,0,1,1,9568722,9506254,Down
Villa,0,Residence,Documented,388576,8,1,1,8,0,0,5,1,1,0,20275414,20186389,Down
Villa,0,Non-Residence,Documented,660508,13,9,1,6,0,0,4,0,0,0,34274132,34220967,Down
Building,5,Residence,Registrable,690993,9,4,0,3,1,1,10,0,0,1,35551948,35444345,Down
Farm House,0,Non-Residence,Registrable,620847,13,3,1,5,1,0,8,1,1,0,32300319,32173413,Down
Apartment,15,Residence,Documented,623105,4,4,0,9,1,0,2,1,1,1,32029223,31935972,Down
Empty Land,0,Non-Residence,Documented,725995,5,4,1,6,0,1,8,0,1,1,37212150,37114624,Down
Empty Land,0,Residence,Documented,297690,11,2,1,9,0,0,1,1,0,0,15819283,15740341,Down
Flat,8,Residence,Documented,440780,8,1,1,8,0,0,4,0,1,1,22977748,22882731,Down
Farm House,0,Non-Residence,Registrable,101959,3,1,0,3,1,0,3,0,1,1,5589150,5478595,Down
Villa,0,Residence,Registrable,200922,5,8,1,9,0,0,5,1,1,1,11040425,10958216,Down
Flat,6,Non-Residence,Documented,102020,3,2,1,2,0,1,5,0,1,1,5791348,5701983,Down
House,3,Residence,Documented,586060,12,5,1,7,0,1,5,1,1,1,30473809,30422402,Down
Empty Land,0,Residence,Documented,748012,10,4,1,0,0,1,4,0,1,1,38348839,38234758,Down
Villa,0,Residence,Documented,516623,3,8,1,8,1,1,8,0,1,1,26899411,26823435,Down
Flat,12,Residence,Registrable,330293,3,2,0,0,1,0,3,0,1,0,17098088,17006119,Down
Building,12,Non-Residence,Documented,327318,13,9,0,1,1,1,4,1,0,0,17644801,17556476,Down
House,1,Non-Residence,Documented,145332,12,7,1,7,0,1,1,1,0,1,8447249,8340508,Down
Flat,24,Non-Residence,Registrable,153499,7,7,1,8,0,0,7,0,0,0,8945734,8880219,Down
Building,10,Non-Residence,Documented,349119,7,1,0,6,0,0,1,1,1,1,18214355,18128181,Down
Villa,0,Non-Residence,Registrable,61867,7,2,1,2,1,0,2,1,0,1,3900901,3773571,Down
Villa,0,Residence,Registrable,406304,10,4,0,6,1,1,7,0,0,0,21258615,21202915,Down
House,2,Residence,Registrable,236306,8,4,1,5,1,0,1,1,0,1,12777361,12653698,Down
Building,17,Non-Residence,Documented,708093,5,3,1,1,1,0,3,1,0,1,36320401,36217022,Down
Empty Land,0,Residence,Registrable,45238,5,7,0,2,1,0,6,1,0,0,3024615,2947224,Down
Apartment,18,Non-Residence,Documented,558185,14,8,1,9,0,1,6,0,1,0,29494864,29368588,Down
Apartment,16,Residence,Documented,344833,4,2,0,9,1,1,6,0,0,0,18146118,18029037,Down
Villa,0,Non-Residence,Registrable,339011,7,4,0,4,1,1,2,1,1,0,17838485,17699258,Down
Farm House,0,Residence,Registrable,202832,10,3,0,9,1,1,2,0,1,0,11115059,11007775,Down
Empty Land,0,Residence,Registrable,383229,4,2,1,3,0,1,6,1,0,0,19884299,19752245,Down
Empty Land,0,Non-Residence,Documented,111953,2,6,0,1,1,1,10,0,1,1,6332285,6220079,Down
Apartment,4,Residence,Documented,20316,4,4,0,3,1,1,5,1,0,0,1817495,1673905,Down
Flat,18,Non-Residence,Registrable,417215,13,6,1,7,1,0,7,0,1,0,22328144,22199551,Down
Flat,3,Residence,Documented,371500,13,2,1,4,0,0,7,1,1,1,19671898,19562413,Down
Villa,0,Non-Residence,Registrable,214067,8,4,1,4,0,0,5,0,0,1,11602554,11481015,Down
Empty Land,0,Residence,Documented,515433,9,6,1,9,1,1,8,1,1,0,27022074,26938042,Down
Flat,16,Non-Residence,Documented,596423,3,5,1,2,1,1,10,0,1,1,30860942,30792786,Down
Building,14,Residence,Documented,216684,7,3,1,7,1,0,6,0,1,1,11906703,11807387,Down
Building,9,Residence,Documented,298590,14,8,0,5,1,0,5,0,1,1,16283276,16184489,Down
Building,6,Non-Residence,Registrable,317848,12,7,1,1,0,1,4,1,1,1,17106283,16963184,Down
Building,4,Non-Residence,Registrable,183458,14,3,0,1,1,1,7,1,1,1,10293933,10202354,Down
Empty Land,0,Non-Residence,Registrable,278207,9,6,1,8,0,1,4,1,1,1,15006729,14899155,Down
Building,2,Non-Residence,Documented,92824,11,4,0,6,1,1,5,0,1,1,5735176,5612915,Down
Empty Land,0,Residence,Documented,224036,4,5,0,9,0,1,5,1,0,0,12047429,11910211,Down
Apartment,23,Residence,Registrable,272491,10,5,1,8,0,1,1,0,1,1,14969999,14826736,Down
Villa,0,Residence,Registrable,26655,3,7,1,5,1,1,1,0,0,0,2190096,2080861,Down
Villa,0,Residence,Registrable,342315,5,5,0,4,0,1,3,0,0,1,17816747,17713843,Down
Building,10,Residence,Documented,641679,1,3,1,0,1,0,3,1,1,1,32800296,32668575,Down
Building,11,Non-Residence,Registrable,460994,3,5,1,5,0,1,2,0,1,0,23931430,23844690,Down
Building,7,Non-Residence,Registrable,149881,8,7,0,5,0,1,2,1,0,1,8474654,8351524,Down
Villa,0,Non-Residence,Registrable,132191,11,5,0,2,1,1,6,1,0,1,7592258,7492704,Down
Flat,26,Non-Residence,Registrable,476910,8,5,0,2,1,0,1,0,0,0,24809763,24752564,Down
Villa,0,Non-Residence,Registrable,443824,13,9,1,2,0,0,6,1,1,1,23478654,23389622,Down
Building,5,Residence,Registrable,35207,4,3,1,2,0,1,5,0,1,1,2552634,2409748,Down
Flat,26,Residence,Registrable,518977,2,6,1,6,1,0,6,0,1,0,27064129,26932719,Down
Flat,4,Non-Residence,Registrable,722364,13,1,1,9,1,0,5,1,0,0,37237326,37182846,Down
House,2,Non-Residence,Registrable,703474,8,5,0,1,1,0,7,0,1,1,36053806,35973371,Down
Apartment,6,Non-Residence,Documented,747288,8,8,1,9,0,1,1,0,1,0,38509227,38429107,Down
Empty Land,0,Residence,Registrable,353799,10,5,0,9,1,1,3,0,1,1,18767496,18645341,Down
Apartment,28,Non-Residence,Registrable,158992,4,9,1,1,1,1,6,1,1,1,9116029,9063422,Down
Building,2,Non-Residence,Registrable,474612,3,6,1,2,0,1,1,1,0,0,24458390,24333472,Down
Empty Land,0,Non-Residence,Documented,170602,2,8,0,9,1,1,7,1,1,0,9496751,9372635,Down
House,2,Residence,Documented,394774,9,8,1,6,1,1,4,0,1,0,20989072,20853748,Down
Empty Land,0,Non-Residence,Registrable,217785,1,3,1,2,1,1,3,0,0,0,11435616,11363590,Down
Building,16,Residence,Documented,338904,7,7,0,6,1,0,10,1,1,1,18148978,18081805,Down
House,1,Non-Residence,Documented,159976,5,7,1,8,0,1,9,1,0,0,9047118,8908302,Down
Empty Land,0,Non-Residence,Registrable,161428,8,6,0,9,1,1,1,1,0,0,9088434,9004172,Down
Villa,0,Residence,Documented,665060,4,7,0,3,1,1,8,1,1,1,34117923,34016020,Down
Flat,23,Residence,Documented,296641,7,2,0,6,1,1,1,1,0,1,15878749,15781593,Down
Apartment,23,Non-Residence,Registrable,644061,13,9,0,8,1,1,5,0,1,1,33756267,33634021,Down
House,1,Non-Residence,Registrable,697095,5,1,1,7,1,1,10,1,0,1,35847250,35698126,Down
Villa,0,Residence,Documented,249000,14,1,1,7,1,1,8,0,0,1,13678801,13551037,Down
Building,7,Residence,Registrable,690917,5,3,1,8,0,1,6,0,1,1,35523458,35411157,Down
Flat,25,Non-Residence,Registrable,132811,14,3,0,4,0,0,7,0,0,1,7959502,7817911,Down
Apartment,26,Residence,Registrable,246046,9,1,1,4,0,0,8,0,1,1,13456080,13341766,Down
House,1,Residence,Documented,197233,9,7,1,2,1,1,6,1,1,1,11082638,10935950,Down
Flat,25,Non-Residence,Registrable,651733,13,4,1,4,1,1,6,0,1,0,34053218,33982769,Down
Farm House,0,Non-Residence,Documented,570060,9,2,1,7,1,0,6,1,1,0,29525869,29382627,Down
Farm House,0,Non-Residence,Documented,146970,12,5,0,4,0,1,5,0,0,1,8330559,8250093,Down
House,1,Residence,Registrable,644818,6,6,0,3,1,1,8,1,1,0,33190718,33052597,Down
House,1,Non-Residence,Documented,319147,6,9,1,7,0,0,2,1,0,1,16982249,16907970,Down
Empty Land,0,Non-Residence,Registrable,7070,5,4,0,6,1,1,7,0,1,1,1138486,1076649,Down
Flat,15,Residence,Registrable,331429,9,2,1,5,1,1,4,1,0,1,17647396,17573187,Down
Farm House,0,Non-Residence,Registrable,533898,10,5,1,4,0,1,1,0,0,1,27664974,27602754,Down
Apartment,28,Residence,Registrable,499615,8,3,1,4,0,0,5,1,0,0,26085202,26031237,Down
Farm House,0,Residence,Registrable,79641,7,2,0,9,0,0,3,0,0,0,4714640,4622364,Down
Flat,3,Non-Residence,Documented,12615,7,1,1,1,0,1,4,0,1,1,1368267,1291037,Down
Farm House,0,Non-Residence,Documented,39562,6,2,0,3,0,0,7,1,1,0,2682716,2543551,Down
Apartment,23,Residence,Registrable,628849,5,6,0,7,0,0,5,1,0,0,32490333,32398413,Down
Villa,0,Non-Residence,Documented,295200,13,8,1,7,1,0,4,0,0,1,16087536,15972371,Down
Farm House,0,Residence,Documented,390979,4,3,0,0,0,1,1,0,1,1,20055124,19943580,Down
Farm House,0,Residence,Documented,526757,3,9,0,1,1,0,6,1,0,0,27142492,26999086,Down
Building,4,Non-Residence,Documented,398186,3,9,1,4,1,0,10,0,0,0,20935876,20802967,Down
Villa,0,Non-Residence,Registrable,122363,6,2,0,8,1,0,6,0,1,1,7030055,6885364,Down
Empty Land,0,Residence,Registrable,501576,4,8,0,9,1,1,7,0,0,1,26082909,25933899,Down
House,3,Residence,Registrable,647796,12,5,1,6,1,0,1,1,0,0,33565006,33491970,Down
Apartment,18,Non-Residence,Documented,501226,12,4,1,9,0,0,4,0,1,1,26454004,26338682,Down
Farm House,0,Residence,Documented,679056,6,5,0,4,0,1,9,0,0,1,34791068,34736221,Down
Apartment,28,Residence,Registrable,630611,3,4,1,0,0,0,10,1,1,1,32599404,32463154,Down
Empty Land,0,Residence,Registrable,635465,4,8,1,5,1,0,6,0,1,0,32756657,32655885,Down
Empty Land,0,Non-Residence,Documented,48820,9,4,0,7,0,0,2,0,1,0,3251991,3189098,Down
Villa,0,Residence,Registrable,497258,5,6,0,6,1,1,4,0,1,1,25660422,25605773,Down
Apartment,3,Residence,Documented,147149,13,2,1,1,1,1,6,0,0,0,8411579,8331008,Down
House,3,Non-Residence,Registrable,125854,7,5,0,4,1,0,4,1,1,1,7149436,7087823,Down
Building,8,Residence,Registrable,612797,10,6,1,3,1,0,10,0,1,0,31854201,31750368,Down
Empty Land,0,Residence,Documented,449125,2,5,1,8,0,0,7,0,0,0,23266436,23154013,Down
Building,11,Non-Residence,Registrable,29125,14,2,0,9,0,0,3,0,1,0,2685930,2545966,Down
House,1,Non-Residence,Registrable,736900,14,7,0,0,0,0,6,0,0,1,37930554,37839172,Down
House,2,Non-Residence,Registrable,286733,5,4,1,5,0,0,4,0,1,1,15196129,15093781,Down
Villa,0,Non-Residence,Registrable,36987,9,8,1,2,0,1,3,1,1,1,2976695,2838626,Down
Apartment,26,Non-Residence,Registrable,459554,11,7,1,8,1,0,3,1,1,0,24509663,24405958,Down
Flat,9,Residence,Registrable,228571,3,7,1,4,0,0,2,0,1,1,12262942,12137300,Down
Apartment,20,Residence,Documented,488511,14,9,0,5,1,0,3,0,0,1,25875280,25727431,Down
Farm House,0,Non-Residence,Documented,312782,9,1,1,8,1,1,10,1,0,1,16749636,16613706,Down
Villa,0,Residence,Documented,174395,14,6,0,8,1,0,1,1,0,1,9904382,9776569,Down
Apartment,12,Non-Residence,Documented,430924,11,6,0,7,0,1,3,1,1,0,22769030,22663213,Down
Building,5,Residence,Documented,316705,6,6,1,8,1,0,9,0,1,1,16984989,16854005,Down
Apartment,1,Residence,Registrable,101876,4,6,0,3,1,0,4,0,1,1,5843280,5714611,Down
Villa,0,Residence,Registrable,425606,7,7,0,5,0,0,3,0,0,0,22117564,22023422,Down
House,2,Non-Residence,Documented,282152,8,6,1,4,1,0,8,0,1,1,15210479,15090297,Down
Empty Land,0,Non-Residence,Registrable,472632,6,1,0,4,1,0,1,0,0,0,24221504,24157796,Down
Farm House,0,Non-Residence,Registrable,158556,5,3,0,3,1,0,5,0,0,0,8527234,8471144,Down
Farm House,0,Residence,Registrable,634957,6,2,1,1,0,1,1,1,0,0,32396408,32293506,Down
Flat,25,Non-Residence,Registrable,560847,5,6,1,5,1,0,7,1,1,1,29280902,29138732,Down
House,1,Residence,Registrable,463285,8,8,1,8,1,0,5,0,1,0,24352038,24210281,Down
Farm House,0,Residence,Documented,628197,1,3,1,0,0,0,2,0,1,0,31932127,31801199,Down
Farm House,0,Non-Residence,Documented,500153,11,8,1,6,0,1,1,0,1,0,26166976,26073224,Down
Empty Land,0,Residence,Registrable,530492,7,8,1,5,1,0,7,1,0,1,27611503,27541860,Down
Building,3,Residence,Documented,729244,10,5,1,2,0,1,1,1,0,0,37434376,37344729,Down
Building,15,Residence,Documented,742988,10,8,0,0,0,0,3,1,1,0,38170976,38055894,Down
Building,10,Non-Residence,Documented,636067,11,6,0,3,0,0,6,1,1,0,32892042,32761713,Down
Villa,0,Non-Residence,Documented,683068,2,5,1,8,0,1,6,0,1,1,35007542,34860212,Down
Building,10,Non-Residence,Registrable,643304,14,9,0,1,0,1,7,1,0,0,33453611,33330637,Down
Building,3,Residence,Documented,523328,9,7,0,2,0,0,1,1,1,0,27121891,26987460,Down
Villa,0,Residence,Registrable,478866,1,8,1,1,0,1,7,0,0,1,24618934,24550460,Down
Empty Land,0,Non-Residence,Documented,721884,11,1,0,1,1,1,2,0,0,1,36887945,36800543,Down
House,1,Residence,Documented,419639,10,2,1,9,0,0,6,0,0,1,22043030,21910543,Down
Farm House,0,Non-Residence,Registrable,520277,6,8,0,7,0,0,8,1,0,0,26880638,26814134,Down
Flat,6,Non-Residence,Registrable,376688,9,9,1,2,0,0,5,0,0,0,19894251,19837483,Down
Farm House,0,Non-Residence,Documented,233049,1,4,0,6,1,1,10,1,0,0,12384344,12260301,Down
Building,5,Non-Residence,Documented,553953,4,9,0,7,0,0,3,1,0,0,28588374,28443028,Down
Building,19,Residence,Registrable,591991,4,4,0,2,0,0,8,1,1,1,30373661,30323041,Down
Apartment,14,Residence,Documented,485465,9,9,1,1,1,1,8,1,1,0,25569197,25498750,Down
Farm House,0,Residence,Registrable,36821,11,7,0,7,0,1,4,0,1,1,3011243,2862486,Down
Farm House,0,Non-Residence,Registrable,335941,5,2,0,2,1,0,8,0,0,0,17387627,17318509,Down
Apartment,17,Residence,Registrable,245514,5,9,1,6,1,1,5,1,0,0,13476431,13364380,Down
Building,12,Non-Residence,Documented,156998,6,4,1,0,0,1,5,0,1,0,8710804,8614205,Down
Villa,0,Non-Residence,Registrable,18272,1,8,0,5,1,1,3,1,0,1,1645395,1528901,Down
Villa,0,Non-Residence,Registrable,395083,1,7,0,8,0,0,7,1,0,1,20437042,20376842,Down
Villa,0,Residence,Documented,238889,9,7,0,2,0,0,9,0,0,1,12938651,12793797,Down
Flat,9,Non-Residence,Registrable,639930,3,8,0,6,1,0,9,0,0,1,32982755,32833689,Down
House,2,Residence,Documented,616524,4,1,1,5,1,1,1,1,0,0,31507499,31398795,Down
Building,3,Residence,Documented,52424,1,5,0,7,0,0,1,0,0,0,3233835,3130348,Down
Empty Land,0,Residence,Registrable,528514,9,2,0,2,0,0,10,1,0,0,27256535,27160070,Down
Farm House,0,Residence,Documented,351796,8,2,1,2,1,1,5,0,0,0,18396561,18316721,Down
Farm House,0,Residence,Documented,28223,2,1,0,3,0,1,1,1,0,0,1826977,1688537,Down
Building,18,Residence,Documented,664968,8,5,0,2,0,0,4,1,0,1,34218101,34149666,Down
Building,4,Residence,Registrable,209286,7,2,0,8,0,1,1,0,0,1,11292563,11194666,Down
Building,14,Residence,Registrable,560431,11,4,1,3,1,0,2,0,0,0,29163982,29016375,Down
Farm House,0,Non-Residence,Registrable,687184,6,3,1,5,0,0,2,1,1,0,35108358,34994482,Down
Apartment,24,Non-Residence,Documented,214932,1,3,0,7,0,0,4,0,0,0,11520196,11380469,Down
Building,6,Residence,Registrable,140499,7,2,0,7,0,1,8,0,0,0,7879813,7780401,Down
Farm House,0,Residence,Registrable,359190,10,6,1,4,1,1,2,1,1,1,19135190,19012908,Down
House,2,Residence,Documented,80473,7,2,0,4,1,0,9,1,1,0,4815039,4736555,Down
Empty Land,0,Residence,Registrable,634622,13,8,0,5,1,0,9,0,1,0,33024413,32935755,Down
Villa,0,Residence,Documented,453949,14,8,1,9,0,0,2,0,0,0,23916201,23860148,Down
Apartment,15,Non-Residence,Registrable,288181,9,5,1,6,1,0,1,1,0,0,15583630,15434046,Down
Empty Land,0,Residence,Documented,495009,1,7,1,9,0,1,10,1,1,1,25694397,25562342,Down
Building,17,Residence,Documented,632310,2,4,0,6,1,0,10,1,1,0,32528819,32423568,Down
Empty Land,0,Residence,Documented,547400,11,1,0,3,0,0,9,1,1,1,28282371,28191726,Down
Building,5,Non-Residence,Documented,225549,9,2,0,5,1,1,2,1,0,1,12163697,12111152,Down
Empty Land,0,Non-Residence,Registrable,269115,13,4,0,6,0,0,8,1,0,0,14555422,14425439,Down
Flat,29,Residence,Documented,167203,9,1,1,4,0,0,3,1,1,0,9512249,9366754,Down
Empty Land,0,Non-Residence,Documented,747919,13,8,0,4,1,0,1,1,0,0,38557620,38430407,Down
Villa,0,Non-Residence,Documented,31848,6,9,0,1,0,0,1,0,0,0,2340487,2281927,Down
Villa,0,Non-Residence,Documented,196304,6,4,1,6,1,0,10,0,1,0,10784818,10672443,Down
Apartment,6,Non-Residence,Documented,136332,4,3,1,5,1,1,2,0,1,1,7609049,7555387,Down
Empty Land,0,Non-Residence,Documented,295423,4,2,0,0,0,1,7,1,1,1,15374056,15245465,Down
Farm House,0,Non-Residence,Registrable,284280,5,5,1,3,0,1,6,0,0,1,15030532,14941035,Down
Farm House,0,Non-Residence,Documented,606677,3,3,1,2,1,1,2,1,0,1,31006300,30903694,Down
Farm House,0,Non-Residence,Registrable,54051,1,7,0,2,1,0,4,0,0,1,3296482,3184370,Down
Empty Land,0,Residence,Documented,405272,1,6,0,6,1,1,2,1,0,0,20989939,20861605,Down
Farm House,0,Residence,Documented,667423,12,1,0,9,0,1,1,1,0,0,34333170,34212826,Down
House,1,Non-Residence,Registrable,571607,13,8,0,3,1,1,3,0,1,1,29718312,29660264,Down
Empty Land,0,Non-Residence,Documented,336414,7,2,1,7,0,1,4,1,0,0,17680078,17551435,Down
Villa,0,Residence,Documented,420682,1,5,1,8,0,1,10,0,0,0,21843370,21786850,Down
Apartment,26,Residence,Registrable,213281,1,9,0,2,1,1,5,0,1,1,11594946,11528018,Down
Farm House,0,Non-Residence,Registrable,453605,3,8,0,4,1,1,5,0,1,1,23500242,23394874,Down
Flat,5,Residence,Registrable,682847,10,2,1,3,0,1,7,0,1,1,35151597,35078096,Down
Farm House,0,Non-Residence,Registrable,714208,4,9,0,9,0,0,10,0,1,0,36704415,36600664,Down
Villa,0,Residence,Documented,549384,4,5,0,5,0,1,8,0,0,1,28216888,28130697,Down
House,3,Non-Residence,Registrable,59682,2,6,0,9,0,0,9,0,0,1,3740817,3661341,Down
Empty Land,0,Residence,Registrable,349807,1,3,0,3,1,1,7,0,1,0,18085294,18008346,Down
Farm House,0,Non-Residence,Registrable,301954,3,3,1,7,0,1,5,0,0,0,15833191,15778708,Down
Flat,14,Residence,Documented,318732,11,8,0,2,1,1,9,1,1,1,17264362,17158239,Down
Apartment,4,Residence,Registrable,653591,4,2,1,4,1,0,8,1,0,0,33456494,33366607,Down
Villa,0,Non-Residence,Documented,140478,3,2,0,0,1,0,10,0,0,1,7651617,7518600,Down
Apartment,5,Non-Residence,Documented,570167,8,5,0,5,0,1,9,1,0,0,29494036,29367782,Down
Apartment,11,Residence,Documented,472328,14,6,1,4,0,0,10,1,1,1,25073797,24942888,Down
Flat,27,Residence,Documented,259017,10,2,0,7,1,1,8,0,1,0,14318829,14180049,Down
Building,2,Non-Residence,Registrable,440597,1,5,1,8,1,0,6,0,0,0,22819858,22708803,Down
Villa,0,Residence,Registrable,309057,14,7,0,7,1,0,4,1,0,0,16758848,16615683,Down
Building,2,Residence,Documented,137584,2,8,0,7,1,0,9,0,1,1,7772689,7691432,Down
Flat,20,Residence,Registrable,705975,13,7,0,2,0,1,9,0,1,1,36606424,36538097,Down
Empty Land,0,Residence,Registrable,582504,7,8,0,3,1,0,10,0,0,1,30112753,29991449,Down
Empty Land,0,Residence,Registrable,748513,4,9,0,3,0,0,10,1,0,0,38253974,38179108,Down
Empty Land,0,Non-Residence,Registrable,692238,8,5,1,4,0,1,9,0,1,0,35666742,35572093,Down
Apartment,12,Residence,Documented,698512,11,5,1,8,0,0,10,1,0,0,36253262,36194096,Down
Building,16,Residence,Registrable,204002,13,4,0,8,0,1,3,0,1,1,11504047,11357768,Down
Apartment,17,Non-Residence,Registrable,145039,3,9,0,9,1,1,3,0,1,0,8392726,8260392,Down
Empty Land,0,Non-Residence,Documented,424726,6,5,1,0,0,0,6,1,0,1,21953144,21894102,Down
Apartment,4,Non-Residence,Registrable,522363,9,2,1,7,1,1,6,0,0,1,27133152,27071183,Down
House,2,Non-Residence,Registrable,122499,1,8,0,0,0,0,6,1,0,1,6726918,6625038,Down
Villa,0,Non-Residence,Registrable,115293,1,7,0,1,1,0,5,1,1,1,6384916,6262177,Down
Villa,0,Residence,Documented,457873,8,8,1,6,1,1,5,0,1,1,24029202,23915614,Down
Apartment,7,Residence,Registrable,370821,3,3,0,7,1,0,2,0,1,0,19196696,19142055,Down
Flat,15,Residence,Registrable,12789,5,4,1,0,1,0,7,1,0,0,1588220,1509684,Down
Farm House,0,Non-Residence,Documented,700836,1,5,0,2,1,1,4,1,0,0,35606116,35476206,Down
Building,16,Non-Residence,Registrable,699456,5,6,1,6,0,1,3,0,1,0,35984107,35919561,Down
Villa,0,Non-Residence,Documented,257868,11,1,1,8,1,0,8,0,1,0,14012040,13947938,Down
Apartment,8,Residence,Documented,86865,6,4,0,7,0,1,4,0,0,0,5306363,5157468,Down
Building,2,Residence,Documented,175711,8,5,1,7,1,1,4,0,1,1,9941950,9792897,Down
Flat,19,Residence,Registrable,180285,13,7,0,8,0,1,8,0,0,0,10426406,10367377,Down
Empty Land,0,Residence,Registrable,73088,14,5,0,9,0,1,1,1,0,1,4765064,4667519,Down
Farm House,0,Residence,Registrable,64146,3,1,0,2,0,0,9,1,1,1,3737557,3676235,Down
Flat,1,Residence,Registrable,266298,3,7,0,7,1,0,7,1,1,1,14155881,14093227,Down
House,3,Non-Residence,Registrable,482738,12,8,1,0,0,1,2,1,1,1,25291312,25184649,Down
Empty Land,0,Residence,Documented,745885,11,7,0,7,1,0,6,0,1,1,38483845,38358344,Down
Empty Land,0,Residence,Documented,730032,11,4,0,6,1,1,8,1,1,0,37648696,37539009,Down
Empty Land,0,Residence,Documented,120235,10,8,0,7,0,1,5,0,0,0,7086743,7029235,Down
Flat,23,Residence,Documented,156183,9,5,0,0,0,0,6,0,1,0,8804660,8706801,Down
House,3,Residence,Registrable,632759,4,9,1,5,1,0,10,0,0,1,32661978,32589846,Down
Farm House,0,Non-Residence,Documented,536937,4,5,0,6,1,0,8,0,1,0,27719846,27604046,Down
Building,11,Residence,Documented,362746,12,1,1,4,1,0,6,0,1,0,19213695,19147670,Down
Flat,10,Residence,Registrable,321833,7,9,1,4,1,1,9,1,1,1,17393226,17266202,Down
Villa,0,Non-Residence,Documented,567456,2,5,1,6,1,1,9,0,1,1,29235501,29119577,Down
Villa,0,Non-Residence,Registrable,407389,8,6,0,2,1,0,9,0,1,0,21272170,21154563,Down
Flat,18,Residence,Registrable,612992,6,4,0,5,0,1,6,0,1,1,31560101,31485131,Down
Building,1,Residence,Registrable,212330,3,6,0,6,1,0,9,1,0,1,11413950,11316214,Down
Villa,0,Residence,Documented,197001,9,8,0,0,1,0,3,0,1,1,10753450,10623460,Down
Building,17,Residence,Documented,417385,5,3,1,1,0,0,5,0,1,0,21716862,21659022,Down
Empty Land,0,Residence,Documented,165640,8,5,1,3,0,1,2,0,1,1,9151262,9071608,Down
Flat,16,Non-Residence,Documented,744649,7,2,0,7,0,1,8,1,1,1,38243159,38115774,Down
Empty Land,0,Non-Residence,Documented,141007,14,2,0,9,1,0,4,0,0,1,8204453,8102045,Down
Villa,0,Residence,Documented,225660,8,7,0,5,0,0,6,1,0,1,12248433,12112494,Down
Building,12,Residence,Registrable,183821,7,6,0,0,0,0,6,1,0,1,10116239,9990272,Down
Empty Land,0,Non-Residence,Registrable,562172,3,4,0,9,1,0,5,0,0,0,28817027,28744585,Down
Villa,0,Non-Residence,Documented,522498,2,5,0,4,1,1,1,1,0,0,26802786,26687543,Down
Apartment,28,Residence,Documented,606717,7,1,0,6,1,1,7,1,0,1,31397896,31341266,Down
House,2,Residence,Registrable,600941,3,7,1,5,1,0,10,0,1,1,31067157,30969421,Down
Empty Land,0,Residence,Registrable,75888,3,8,1,8,0,0,8,0,1,0,4703008,4640000,Down
House,2,Residence,Registrable,556189,2,9,1,7,1,1,1,0,0,0,28671390,28573903,Down
House,1,Residence,Documented,519227,4,8,1,3,0,0,10,0,1,1,26902666,26784271,Down
Farm House,0,Residence,Documented,727691,8,5,0,4,1,1,7,1,1,1,37323412,37271019,Down
Villa,0,Non-Residence,Documented,644291,12,3,0,6,0,1,4,1,1,0,33305774,33161094,Down
Flat,17,Non-Residence,Registrable,233101,1,9,0,7,1,0,6,0,1,1,12662607,12556636,Down
Building,3,Non-Residence,Documented,128334,1,6,0,4,1,1,9,0,1,1,7191719,7062092,Down
Apartment,28,Non-Residence,Documented,34584,12,5,0,8,1,1,5,0,0,0,3174368,3036377,Down
Villa,0,Residence,Documented,251959,14,3,1,9,0,1,8,1,0,0,13911789,13793132,Down
Farm House,0,Non-Residence,Documented,635429,5,6,0,3,0,1,5,0,0,0,32549183,32424531,Down
Farm House,0,Non-Residence,Documented,105611,11,3,1,3,0,0,2,1,0,0,6269444,6148937,Down
Apartment,18,Residence,Documented,449542,5,6,0,7,1,1,4,1,0,1,23482850,23403206,Down
Empty Land,0,Non-Residence,Registrable,430167,11,4,1,0,0,1,2,1,0,1,22495719,22356104,Down
Building,15,Residence,Documented,663087,12,2,0,7,1,1,7,1,1,1,34405091,34261228,Down
Farm House,0,Residence,Registrable,163482,1,8,1,4,1,0,7,0,0,1,8941014,8854892,Down
Flat,15,Non-Residence,Registrable,298685,6,4,0,0,1,0,3,0,1,0,15664014,15610617,Down
Villa,0,Non-Residence,Registrable,328325,1,9,0,3,0,0,7,0,1,0,17094550,16989981,Down
Flat,16,Non-Residence,Documented,234886,5,7,0,1,1,1,1,1,0,1,12641795,12513847,Down
Empty Land,0,Residence,Documented,344215,9,2,0,3,0,0,1,1,0,1,17982572,17880439,Down
Villa,0,Non-Residence,Documented,197053,12,4,1,7,1,0,9,0,0,1,11069737,10971218,Down
Empty Land,0,Residence,Documented,462292,14,5,0,4,1,0,6,1,1,0,24298564,24177507,Down
Building,1,Non-Residence,Registrable,501674,5,3,1,0,1,1,5,1,0,0,25828063,25748912,Down
Building,1,Residence,Documented,652344,6,9,0,6,0,0,6,1,0,0,33503003,33449531,Down
Flat,4,Non-Residence,Registrable,195746,8,5,1,0,0,0,6,0,0,1,10718448,10616679,Down
Flat,29,Non-Residence,Documented,550948,11,2,0,8,1,0,1,0,1,1,28782724,28727243,Down
Building,13,Residence,Documented,246742,1,3,0,2,0,1,5,0,0,1,12900215,12811238,Down
House,2,Non-Residence,Registrable,511583,14,9,1,2,0,1,9,1,0,0,26911145,26841262,Down
Building,4,Non-Residence,Registrable,18133,2,7,0,5,1,0,4,0,1,1,1733794,1594879,Down
Apartment,23,Residence,Registrable,49604,9,2,0,9,1,0,3,0,1,0,3550859,3476594,Down
Villa,0,Non-Residence,Documented,68888,3,9,1,5,0,0,1,0,1,1,4316556,4213812,Down
Apartment,8,Non-Residence,Registrable,540802,6,4,0,5,1,1,2,1,0,1,27877851,27804195,Down
Empty Land,0,Residence,Registrable,93078,5,9,1,0,1,1,3,1,0,0,5471557,5412253,Down
Building,13,Non-Residence,Registrable,689615,11,2,0,4,0,0,4,1,1,0,35503498,35366882,Down
Building,8,Residence,Documented,565178,2,4,1,5,0,1,7,1,0,1,29109875,29013964,Down
Farm House,0,Non-Residence,Registrable,286355,14,5,1,7,1,0,6,1,1,0,15625884,15532871,Down
Empty Land,0,Non-Residence,Registrable,92158,7,2,1,0,0,1,8,0,1,0,5401086,5273105,Down
Farm House,0,Residence,Documented,58493,4,1,1,4,0,0,9,0,1,0,3584592,3494278,Down
Empty Land,0,Non-Residence,Registrable,206268,1,7,0,2,1,1,6,1,1,0,10968857,10896000,Down
Apartment,14,Residence,Registrable,158785,13,1,0,1,1,0,7,1,1,0,9048670,8969776,Down
Villa,0,Residence,Registrable,451500,4,8,1,7,1,1,4,0,0,1,23546665,23458095,Down
Empty Land,0,Non-Residence,Documented,742796,6,3,0,6,1,0,2,1,0,1,37954039,37837959,Down
Flat,28,Residence,Registrable,542515,7,6,0,9,0,0,9,1,0,1,28404014,28314594,Down
Building,1,Non-Residence,Registrable,529146,7,7,0,6,0,0,9,1,0,1,27465937,27334349,Down
Empty Land,0,Residence,Registrable,327752,14,1,1,4,1,0,4,1,1,0,17465243,17359033,Down
Villa,0,Non-Residence,Registrable,258181,7,6,0,8,1,1,3,1,0,1,13882378,13804644,Down
Empty Land,0,Non-Residence,Registrable,94518,3,7,0,4,1,0,10,0,1,0,5574179,5487960,Down
Building,9,Residence,Registrable,387101,6,6,1,1,1,1,6,0,1,1,20359115,20242143,Down
House,2,Non-Residence,Registrable,294554,13,4,0,2,0,1,3,1,0,1,15700197,15594384,Down
Empty Land,0,Non-Residence,Documented,651676,8,1,1,3,0,0,1,1,0,0,33324041,33263034,Down
Flat,24,Non-Residence,Documented,229604,4,9,1,4,1,0,4,0,1,1,12653862,12575521,Down
Building,1,Residence,Documented,194010,13,4,1,2,1,0,1,1,0,1,10861570,10715020,Down
Villa,0,Non-Residence,Registrable,110347,8,7,0,6,0,0,2,0,0,1,6413066,6313655,Down
Apartment,7,Non-Residence,Documented,445217,2,7,0,4,0,1,3,1,0,1,23035962,22912875,Down
Apartment,25,Residence,Registrable,454662,10,2,1,4,0,1,8,0,0,1,23981656,23853007,Down
Building,13,Non-Residence,Registrable,296537,9,1,1,5,0,1,10,0,1,1,15954338,15855907,Down
Farm House,0,Residence,Registrable,76829,9,8,1,6,1,1,4,1,1,1,4954212,4899371,Down
House,3,Residence,Documented,31507,8,8,1,9,0,0,4,1,0,0,2742017,2651288,Down
Villa,0,Non-Residence,Documented,695392,10,7,1,9,0,1,10,0,1,1,36094032,35961394,Down
House,1,Residence,Registrable,316897,14,8,1,7,0,0,9,1,1,1,17318115,17183468,Down
Apartment,9,Non-Residence,Registrable,12823,13,3,0,8,1,0,7,0,0,1,1920389,1793760,Down
House,1,Non-Residence,Documented,112856,10,2,1,3,1,1,2,1,0,1,6610212,6487130,Down
Flat,9,Non-Residence,Documented,635732,1,7,1,4,0,1,3,1,1,1,32592027,32484223,Down
Apartment,6,Residence,Documented,204951,2,8,1,4,0,1,4,1,1,1,11190162,11042827,Down
Empty Land,0,Residence,Documented,279100,6,1,0,7,1,1,4,0,1,0,14667465,14565459,Down
Flat,20,Non-Residence,Documented,556155,10,9,0,8,1,1,10,0,0,1,29269371,29197787,Down
Flat,12,Non-Residence,Documented,55124,5,4,0,6,0,1,8,1,1,1,3714706,3604115,Down
Farm House,0,Residence,Documented,403822,12,4,0,4,1,0,10,0,1,0,21256633,21187272,Down
Flat,16,Non-Residence,Registrable,235065,14,3,1,2,0,0,10,1,0,0,13111607,12981587,Down
Villa,0,Residence,Registrable,68508,9,6,0,0,1,0,6,0,1,1,4307102,4209231,Down
Empty Land,0,Residence,Documented,378039,5,1,1,8,0,1,3,1,0,1,19622898,19558797,Down
Empty Land,0,Non-Residence,Documented,116992,2,6,1,4,0,0,9,0,0,1,6583371,6490597,Down
Apartment,28,Non-Residence,Registrable,72740,10,2,1,8,1,0,10,0,1,0,5011726,4919025,Down
Villa,0,Non-Residence,Documented,326959,4,9,1,9,0,0,8,0,0,0,17389126,17325865,Down
Flat,21,Residence,Registrable,726447,9,2,1,3,1,0,9,0,0,1,37490343,37427134,Down
Flat,15,Residence,Registrable,273400,1,7,1,4,1,0,5,0,1,1,14535031,14456384,Down
House,3,Residence,Documented,461727,11,1,0,3,1,0,3,0,0,0,23928330,23870109,Down
Apartment,10,Residence,Registrable,299022,1,7,0,1,0,1,4,1,1,0,15627000,15529167,Down
Apartment,29,Non-Residence,Documented,135827,12,5,0,0,0,1,5,1,0,0,8022961,7887548,Down
House,3,Residence,Documented,650491,7,8,0,7,0,1,9,0,0,0,33539553,33463996,Down
Farm House,0,Non-Residence,Registrable,166075,11,4,0,3,1,0,9,1,1,1,9441452,9292918,Down
Building,18,Residence,Registrable,499999,3,7,1,4,0,1,3,0,1,0,25891858,25834332,Down
House,1,Residence,Registrable,494448,10,6,0,5,0,1,7,1,1,0,25692771,25641520,Down
Empty Land,0,Non-Residence,Documented,307757,2,5,0,7,0,0,6,1,0,1,16040903,15958315,Down
Villa,0,Residence,Documented,598857,9,4,0,7,0,1,4,1,1,0,30854292,30749800,Down
Flat,13,Non-Residence,Documented,229689,3,7,1,6,1,0,5,1,0,1,12516843,12459954,Down
Building,18,Residence,Documented,398965,2,5,1,3,0,1,10,0,1,0,20971014,20826712,Down
House,3,Non-Residence,Documented,251551,12,5,1,5,1,0,2,1,0,1,13687431,13608285,Down
Apartment,11,Residence,Documented,650329,8,1,0,3,1,0,7,1,1,0,33377991,33275673,Down
Building,10,Residence,Documented,714436,10,2,0,6,1,1,4,1,0,1,36755750,36632162,Down
Villa,0,Non-Residence,Registrable,512278,6,5,0,0,1,0,2,0,1,1,26346970,26198886,Down
Villa,0,Non-Residence,Documented,272330,6,3,0,4,0,1,6,1,0,0,14317547,14229909,Down
Apartment,29,Non-Residence,Registrable,506129,10,2,0,9,0,0,2,0,0,1,26450530,26399383,Down
Building,4,Residence,Registrable,316007,11,4,1,9,0,1,10,0,0,1,17058184,17005337,Down
Building,4,Residence,Documented,360187,7,4,0,3,1,1,2,1,0,0,18820934,18685164,Down
Farm House,0,Residence,Registrable,656521,7,4,1,6,0,0,7,0,1,1,33759273,33648938,Down
Building,4,Residence,Registrable,176415,11,4,0,8,1,1,1,1,0,1,9958798,9823808,Down
Flat,29,Residence,Registrable,620461,13,3,1,4,0,1,7,1,1,0,32413607,32330219,Down
Empty Land,0,Residence,Documented,454679,6,7,1,3,0,1,10,1,0,0,23757423,23643076,Down
House,1,Non-Residence,Registrable,43328,4,9,1,8,0,0,5,1,1,1,3261585,3112318,Down
Apartment,8,Residence,Documented,273170,11,5,1,4,1,0,1,1,0,1,14819607,14729624,Down
House,1,Residence,Documented,26092,9,4,0,8,0,1,6,1,0,1,2288547,2194727,Down
House,3,Non-Residence,Documented,291626,6,2,0,7,1,1,7,1,1,1,15413138,15337062,Down
Building,12,Non-Residence,Registrable,232541,4,2,0,3,1,0,1,0,1,1,12263379,12182627,Down
Apartment,18,Non-Residence,Registrable,351377,12,5,1,6,1,0,9,0,0,0,18965314,18854781,Down
Building,15,Non-Residence,Documented,125482,3,7,0,4,0,1,7,1,1,1,7180405,7114402,Down
Farm House,0,Non-Residence,Documented,257411,4,9,0,9,0,0,1,1,1,0,13764010,13641056,Down
Building,14,Residence,Documented,69119,3,7,0,3,1,0,3,0,1,0,4247938,4180228,Down
Farm House,0,Residence,Registrable,685188,2,5,0,4,1,1,5,1,0,0,34958226,34842569,Down
Farm House,0,Non-Residence,Registrable,309123,14,6,1,4,1,0,4,0,1,0,16718812,16631731,Down
Flat,9,Non-Residence,Registrable,502143,5,3,1,8,1,0,2,0,0,1,26073833,25973605,Down
Flat,5,Residence,Registrable,151675,2,5,0,8,1,0,1,1,1,1,8379834,8236525,Down
Flat,29,Non-Residence,Registrable,171463,6,8,0,5,0,1,4,1,1,1,9844459,9711357,Down
Flat,15,Residence,Registrable,142326,3,1,0,3,0,0,7,0,0,0,7856283,7707185,Down
Villa,0,Residence,Registrable,99040,6,1,1,1,0,1,4,0,1,0,5611858,5541203,Down
Flat,8,Non-Residence,Documented,627535,11,7,1,2,1,0,9,1,1,1,32581291,32522808,Down
Flat,23,Residence,Registrable,187494,10,5,1,1,1,0,8,1,1,0,10731975,10583751,Down
Flat,3,Residence,Documented,310875,9,5,0,4,0,1,8,0,1,1,16547710,16457616,Down
Farm House,0,Residence,Registrable,29801,1,1,1,5,0,1,5,0,1,0,2116478,2025028,Down
House,1,Residence,Documented,223224,6,9,1,4,1,1,1,0,1,0,12146589,12071380,Down
Apartment,29,Non-Residence,Registrable,514503,9,1,1,1,1,1,9,1,1,0,26950291,26853975,Down
House,1,Non-Residence,Registrable,194283,11,5,1,4,1,0,2,1,0,0,10785987,10717431,Down
House,3,Non-Residence,Registrable,697183,4,9,1,8,0,1,6,1,0,0,35911626,35833664,Down
Empty Land,0,Non-Residence,Documented,19252,11,4,0,3,1,1,10,0,0,0,2010713,1945075,Down
Villa,0,Non-Residence,Registrable,738065,12,8,0,9,1,1,5,0,0,0,38112268,38023514,Down
Farm House,0,Residence,Registrable,669255,2,6,0,1,1,0,10,1,0,1,34180984,34044365,Down
Building,8,Residence,Documented,217529,13,3,0,2,0,0,8,0,1,1,11956232,11833615,Down
Farm House,0,Residence,Registrable,56773,4,4,1,2,1,1,3,0,0,0,3580748,3476372,Down
Flat,21,Residence,Registrable,259003,1,2,0,8,0,1,6,0,0,0,13688383,13625030,Down
House,1,Non-Residence,Documented,616666,3,1,0,3,1,1,6,0,1,1,31517818,31382430,Down
Farm House,0,Non-Residence,Registrable,120468,10,8,0,0,1,1,10,0,0,0,7145755,7024459,Down
Villa,0,Residence,Documented,378344,9,1,1,0,0,0,3,1,1,1,19602672,19538901,Down
Flat,8,Non-Residence,Documented,601347,10,1,0,6,1,1,7,1,1,1,31142806,31026780,Down
Empty Land,0,Residence,Documented,11199,5,4,1,6,0,0,4,1,0,1,1387507,1333244,Down
Building,5,Residence,Registrable,196633,11,6,1,1,1,1,5,1,0,1,10965034,10907265,Down
Flat,25,Non-Residence,Registrable,534503,6,9,1,8,0,1,9,1,1,1,28163003,28087669,Down
Apartment,7,Non-Residence,Documented,19669,3,1,0,8,1,0,6,0,1,0,1735804,1602687,Down
Building,5,Non-Residence,Documented,519152,5,7,1,4,0,1,10,0,0,0,26944727,26861978,Down
Farm House,0,Residence,Registrable,118913,11,5,0,2,0,1,4,0,1,1,6823021,6761386,Down
Flat,29,Non-Residence,Registrable,644052,8,8,0,2,1,1,8,1,0,0,33474053,33358943,Down
Empty Land,0,Residence,Registrable,268426,6,7,0,2,0,1,9,0,0,1,14209001,14157097,Down
Farm House,0,Non-Residence,Documented,744037,4,4,1,5,1,0,10,0,0,0,38106512,37985707,Down
Villa,0,Residence,Registrable,523488,2,4,1,3,0,1,5,0,0,0,26857779,26776811,Down
Building,9,Non-Residence,Documented,124981,14,6,0,7,1,1,2,1,1,0,7492564,7440914,Down
Building,5,Residence,Documented,215900,9,6,1,4,1,0,6,0,1,0,11868590,11806123,Down
Villa,0,Residence,Registrable,560373,13,9,1,0,1,1,8,0,0,0,29381845,29233514,Down
Apartment,8,Non-Residence,Registrable,179436,12,5,1,8,1,0,5,1,0,0,10291261,10194361,Down
Building,12,Residence,Documented,392636,1,8,0,0,0,1,1,1,1,0,20285085,20146905,Down
Farm House,0,Non-Residence,Documented,448830,1,5,1,5,1,1,8,0,1,0,23271924,23186406,Down
House,1,Non-Residence,Registrable,390454,13,2,1,0,1,1,9,1,1,1,20741895,20599079,Down
Apartment,28,Non-Residence,Documented,38567,4,6,0,2,1,0,1,0,1,1,2866241,2747826,Down
Villa,0,Residence,Registrable,698545,7,9,1,9,1,0,8,1,1,0,36115754,36061397,Down
Empty Land,0,Non-Residence,Registrable,18573,1,3,0,4,1,1,10,0,0,0,1604599,1460762,Down
Apartment,22,Residence,Documented,36535,9,1,1,9,0,0,2,0,0,0,2906225,2845360,Down
Flat,22,Non-Residence,Documented,196549,4,1,1,6,1,1,4,1,0,1,10857052,10738684,Down
Flat,14,Non-Residence,Registrable,234282,3,3,1,9,0,0,2,1,0,0,12672483,12528079,Down
Villa,0,Residence,Documented,615161,1,5,1,7,0,1,2,1,1,0,31473319,31362280,Down
House,3,Residence,Documented,615305,10,3,1,8,1,0,10,1,1,1,32018895,31871956,Down
Farm House,0,Non-Residence,Registrable,590238,4,9,1,5,1,1,3,0,0,1,30540853,30419559,Down
Empty Land,0,Residence,Documented,535170,9,8,0,8,0,0,8,1,0,1,27831453,27778532,Down
Flat,13,Non-Residence,Registrable,726831,13,3,1,7,0,0,4,0,1,0,37633207,37483470,Down
Flat,3,Residence,Documented,458328,14,9,1,8,0,0,7,0,0,1,24280703,24226275,Down
Farm House,0,Residence,Registrable,746215,10,6,1,9,1,0,10,0,0,0,38613230,38489583,Down
House,1,Non-Residence,Documented,62429,6,7,0,3,0,1,3,1,1,1,3992362,3853579,Down
Building,1,Residence,Documented,668189,6,4,0,8,0,1,10,0,1,0,34347751,34245194,Down
Apartment,11,Non-Residence,Documented,287813,1,4,0,6,1,0,3,0,1,0,15101333,14955350,Down
Villa,0,Non-Residence,Documented,87968,10,2,1,4,0,1,2,1,0,0,5308093,5245727,Down
House,3,Residence,Documented,35094,2,5,1,4,1,0,6,0,1,1,2579392,2482469,Down
House,1,Non-Residence,Documented,192203,11,8,0,0,0,1,6,0,1,0,10562605,10482041,Down
House,3,Residence,Documented,45533,6,7,0,1,1,0,1,0,0,0,3075681,2950170,Down
House,2,Residence,Documented,587921,2,7,0,9,0,1,7,1,1,0,30191286,30138644,Down
Building,9,Non-Residence,Registrable,74361,3,6,1,2,1,1,4,0,0,1,4581089,4517240,Down
Farm House,0,Residence,Documented,708150,4,3,0,7,1,0,3,0,0,0,36013883,35944539,Down
Empty Land,0,Non-Residence,Documented,294394,11,5,1,5,0,0,8,0,0,0,15770587,15699373,Down
Apartment,26,Non-Residence,Documented,565249,5,1,1,9,1,0,2,1,0,0,29303088,29214862,Down
House,2,Residence,Documented,467516,9,7,1,4,0,0,9,1,1,0,24520927,24379236,Down
Apartment,15,Residence,Documented,78722,12,9,0,0,1,0,8,1,0,1,5253543,5181021,Down
House,1,Non-Residence,Registrable,636808,4,1,1,8,1,1,8,0,1,0,32625266,32568586,Down
Villa,0,Non-Residence,Registrable,545397,13,2,0,2,1,0,3,0,1,1,28186065,28123558,Down
Flat,22,Non-Residence,Documented,655301,11,3,0,2,1,1,4,0,1,1,33895439,33770484,Down
Building,5,Residence,Documented,204481,9,3,0,1,1,0,2,0,1,0,10993576,10894569,Down
House,3,Residence,Documented,104711,11,8,0,3,1,1,2,0,1,1,6307933,6208580,Down
Empty Land,0,Non-Residence,Documented,186821,10,7,1,1,1,1,4,1,0,1,10501036,10362941,Down
Empty Land,0,Residence,Registrable,442611,3,6,1,8,0,0,6,0,1,1,23030065,22911369,Down
Empty Land,0,Non-Residence,Documented,488189,8,4,1,9,0,0,5,0,0,0,25428547,25334314,Down
Villa,0,Residence,Registrable,457456,12,9,1,6,1,1,1,1,0,1,24118923,24018058,Down
Empty Land,0,Non-Residence,Documented,30484,1,1,0,7,1,1,10,1,0,1,2169798,2111926,Down
Farm House,0,Non-Residence,Registrable,643735,11,2,0,2,1,0,1,0,1,0,32997604,32939765,Down
Villa,0,Non-Residence,Registrable,729682,9,4,0,5,0,1,6,1,1,0,37406115,37340463,Down
Building,6,Non-Residence,Registrable,6401,9,3,0,9,1,1,3,1,1,1,1335186,1278327,Down
Empty Land,0,Non-Residence,Documented,163124,10,1,1,5,0,1,3,1,1,1,9074958,8991438,Down
Flat,1,Non-Residence,Documented,222817,2,5,0,0,1,1,7,0,0,1,11770437,11641597,Down
House,1,Residence,Documented,293699,4,7,1,5,1,1,1,1,1,0,15560133,15460867,Down
Building,4,Non-Residence,Documented,693545,13,2,0,2,1,1,1,0,1,1,35657143,35537627,Down
Farm House,0,Non-Residence,Documented,146288,8,5,0,2,1,0,10,1,0,0,8218449,8129356,Down
Flat,2,Non-Residence,Registrable,638887,7,6,0,2,1,0,3,0,0,1,32825004,32723034,Down
Building,6,Non-Residence,Registrable,535926,1,7,0,9,0,0,8,0,0,1,27594477,27494857,Down
Farm House,0,Non-Residence,Registrable,691158,5,1,1,9,1,0,1,0,0,0,35277660,35227235,Down
Empty Land,0,Residence,Documented,23929,7,7,1,7,0,1,10,1,0,1,2405068,2281391,Down
Building,2,Non-Residence,Registrable,574988,4,4,1,4,0,0,4,1,0,0,29528142,29427415,Down
Building,3,Non-Residence,Documented,202880,1,8,1,3,1,1,9,1,0,1,11119056,10993463,Down
Building,7,Non-Residence,Registrable,441960,9,4,0,8,1,1,4,0,1,0,23141277,23041292,Down
Villa,0,Non-Residence,Documented,245627,14,6,0,8,1,0,10,1,1,0,13618180,13470841,Down
Flat,20,Residence,Registrable,17847,5,9,1,0,0,0,8,1,0,1,2011728,1914644,Down
Apartment,17,Residence,Documented,672780,11,5,1,1,0,1,7,0,0,0,34890271,34770629,Down
Farm House,0,Non-Residence,Registrable,556610,2,4,0,7,0,0,3,1,1,1,28532667,28397044,Down
Empty Land,0,Non-Residence,Registrable,564896,8,8,0,4,1,0,7,0,0,0,29206848,29155440,Down
House,1,Residence,Registrable,482815,11,9,1,6,0,1,7,1,0,0,25429274,25293873,Down
Empty Land,0,Non-Residence,Documented,8467,13,4,1,0,0,1,10,0,0,0,1591159,1485822,Down
Empty Land,0,Residence,Registrable,536659,2,3,1,9,0,1,3,0,0,1,27577180,27487568,Down
Villa,0,Non-Residence,Registrable,225871,3,8,0,4,1,1,2,1,0,0,12076309,11987146,Down
Villa,0,Residence,Registrable,209024,14,5,1,2,0,1,9,0,1,0,11616331,11550488,Down
Building,9,Residence,Documented,730130,10,2,1,9,0,1,1,1,0,0,37630811,37531447,Down
Empty Land,0,Non-Residence,Registrable,165185,1,9,1,1,1,0,7,1,0,1,9042818,8964341,Down
Flat,19,Non-Residence,Documented,552967,11,3,1,1,1,0,4,1,0,1,28900215,28752222,Down
Villa,0,Non-Residence,Registrable,252037,2,2,1,8,1,0,2,1,1,0,13322148,13211066,Down
Farm House,0,Non-Residence,Registrable,708048,14,1,0,3,0,1,2,0,1,0,36326892,36249562,Down
Villa,0,Residence,Documented,560050,7,8,1,3,0,1,8,0,0,1,29101032,28956285,Down
Flat,5,Residence,Documented,380051,10,3,0,6,0,0,7,0,0,0,19956116,19868547,Down
Villa,0,Non-Residence,Registrable,471582,2,7,1,9,1,0,7,1,0,0,24581340,24433137,Down
Apartment,25,Residence,Documented,61045,6,1,1,9,0,0,5,1,0,0,4136057,4037943,Down
Flat,6,Non-Residence,Documented,235055,3,1,1,1,1,1,10,0,1,0,12572430,12455136,Down
Apartment,18,Non-Residence,Documented,224394,4,9,0,2,1,0,8,0,1,0,12249518,12135412,Down
Apartment,1,Non-Residence,Registrable,728006,11,8,0,2,0,0,2,1,0,0,37395062,37306514,Down
House,1,Residence,Registrable,302566,13,3,0,5,0,0,2,1,0,1,16081803,15969205,Down
Flat,17,Non-Residence,Registrable,567701,8,6,1,2,0,1,5,1,1,0,29516346,29371641,Down
House,2,Residence,Documented,359677,14,3,1,4,1,0,1,0,1,0,19080269,19019009,Down
Farm House,0,Non-Residence,Documented,367436,3,4,0,3,1,0,6,1,0,1,18982672,18900322,Down
Building,15,Residence,Documented,250997,10,1,0,2,0,1,4,0,0,1,13498280,13406539,Down
Building,5,Residence,Documented,443557,6,5,1,7,1,1,6,1,0,1,23254636,23106422,Down
Apartment,17,Residence,Registrable,702192,1,1,0,9,0,1,7,0,1,1,35896461,35801280,Down
Villa,0,Residence,Documented,485778,7,1,1,2,0,1,3,1,1,0,25075883,24942437,Down
Flat,21,Non-Residence,Registrable,156604,8,7,0,5,0,1,8,0,1,1,8979101,8928261,Down
Villa,0,Residence,Documented,693706,11,6,0,6,1,0,7,0,1,0,35843755,35731333,Down
Flat,21,Residence,Registrable,715334,14,2,0,6,1,0,1,0,0,1,37002203,36934478,Down
Villa,0,Non-Residence,Registrable,45436,8,2,1,1,0,1,6,1,1,1,3105973,3043674,Down
Building,11,Residence,Documented,685654,3,7,1,2,0,1,7,0,1,1,35233894,35133242,Down
Farm House,0,Non-Residence,Documented,717448,14,1,0,9,1,1,4,0,1,0,37049832,36904307,Down
Building,10,Residence,Documented,202556,10,2,1,9,0,1,2,1,0,1,11258992,11118951,Down
Villa,0,Non-Residence,Registrable,225969,1,8,1,3,1,0,10,0,1,1,12227071,12105976,Down
Flat,17,Residence,Documented,28641,9,6,1,6,0,0,9,0,1,1,2735563,2652966,Down
Empty Land,0,Residence,Registrable,137978,13,2,1,1,1,1,7,1,1,0,8009178,7950471,Down
Farm House,0,Residence,Documented,97859,6,7,0,2,0,1,1,0,0,0,5622706,5523763,Down
Flat,25,Residence,Registrable,154863,11,4,1,6,1,1,8,1,1,1,9224580,9110777,Down
Villa,0,Non-Residence,Documented,566356,9,2,1,6,0,1,3,0,0,0,29252472,29108917,Down
Flat,1,Residence,Registrable,622327,7,6,0,9,1,0,4,1,0,1,32157761,32019384,Down
House,1,Non-Residence,Registrable,571639,1,9,1,2,1,1,5,0,1,0,29417609,29282433,Down
Flat,16,Non-Residence,Registrable,493658,12,9,1,0,1,1,1,0,0,1,26072326,25924164,Down
Building,7,Non-Residence,Documented,579611,12,8,1,2,1,0,6,0,1,0,30292295,30167019,Down
Apartment,12,Non-Residence,Registrable,23812,1,3,0,4,0,1,10,1,0,1,1847632,1794477,Down
Building,8,Residence,Documented,427887,6,3,0,6,1,0,6,0,0,0,22250318,22176746,Down
House,2,Residence,Registrable,435495,5,2,1,3,1,1,2,0,1,0,22586683,22476989,Down
Farm House,0,Residence,Documented,724688,9,5,1,0,0,1,10,1,1,1,37229002,37112488,Down
Flat,1,Residence,Documented,501031,2,4,0,5,1,0,6,1,0,1,25725762,25599729,Down
Farm House,0,Residence,Registrable,496537,8,7,0,1,0,1,8,1,0,0,25729647,25634804,Down
Empty Land,0,Residence,Registrable,249562,11,4,0,2,1,0,6,0,0,1,13440078,13305111,Down
Flat,20,Non-Residence,Documented,409138,5,9,1,3,1,0,4,0,0,1,21560096,21474739,Down
Building,12,Non-Residence,Registrable,436184,2,2,1,5,1,0,4,0,1,1,22580270,22507103,Down
Apartment,4,Residence,Documented,557159,13,6,0,5,1,1,9,1,0,1,29172989,29051511,Down
Building,12,Residence,Documented,57522,10,7,1,6,1,1,6,1,0,0,4148708,4079725,Down
Farm House,0,Residence,Documented,333873,11,4,1,4,1,0,8,0,1,1,17782407,17697131,Down
Villa,0,Non-Residence,Documented,99571,11,6,1,6,0,1,8,0,0,0,6211118,6115839,Down
Building,1,Residence,Documented,182768,12,7,1,1,0,1,7,1,1,0,10292441,10182958,Down
Villa,0,Residence,Documented,359418,6,4,1,0,1,1,3,1,1,1,18856320,18723207,Down
Building,1,Residence,Documented,490126,10,8,1,9,1,0,10,1,1,1,25873855,25752404,Down
Building,3,Non-Residence,Documented,289359,8,9,1,7,0,0,1,0,0,0,15633421,15491552,Down
Apartment,21,Non-Residence,Documented,624641,4,1,0,0,0,1,5,1,1,1,31927681,31875636,Down
Empty Land,0,Residence,Registrable,555962,2,7,0,1,1,0,10,1,1,1,28577236,28437520,Down
Villa,0,Non-Residence,Documented,498160,12,9,0,9,1,1,10,1,1,0,26234405,26142061,Down
Villa,0,Non-Residence,Documented,76873,11,5,0,5,1,1,2,1,0,0,4796455,4736891,Down
Building,12,Non-Residence,Documented,193521,5,2,0,0,1,1,10,0,0,0,10459210,10398105,Down
Villa,0,Residence,Registrable,194218,12,6,0,9,1,0,2,1,0,1,10894351,10787597,Down
Building,13,Residence,Registrable,594805,2,7,0,2,1,0,7,0,0,1,30560899,30490843,Down
Building,13,Non-Residence,Registrable,63537,2,2,0,6,0,1,3,0,1,0,3859588,3746023,Down
Farm House,0,Non-Residence,Registrable,614606,6,2,0,7,1,0,8,1,1,0,31513278,31415589,Down
Flat,21,Non-Residence,Registrable,531336,11,1,1,3,1,1,9,1,1,1,27854115,27771980,Down
Villa,0,Residence,Registrable,641769,10,4,1,2,0,0,8,0,0,1,33018483,32935671,Down
Apartment,9,Non-Residence,Documented,234713,9,7,0,0,0,0,6,1,1,1,12753834,12633787,Down
House,2,Non-Residence,Registrable,204866,13,9,1,8,0,0,5,0,0,0,11554014,11481242,Down
Farm House,0,Residence,Registrable,502920,4,3,1,9,0,1,3,1,0,1,25978592,25847635,Down
Villa,0,Non-Residence,Registrable,154749,6,7,0,5,1,1,3,0,0,1,8672865,8530213,Down
Apartment,28,Non-Residence,Registrable,286666,7,7,0,5,0,1,7,0,1,0,15540637,15482862,Down
Villa,0,Residence,Registrable,631085,13,7,0,8,0,0,5,0,1,1,32787804,32645322,Down
Empty Land,0,Non-Residence,Documented,661402,11,2,1,0,1,1,6,1,0,0,34011698,33907175,Down
House,1,Non-Residence,Documented,222584,6,6,1,5,0,1,6,0,1,1,12037285,11976578,Down
House,2,Non-Residence,Registrable,490036,8,2,0,4,0,1,9,0,0,0,25295256,25231884,Down
Apartment,25,Non-Residence,Documented,60928,4,6,1,5,1,1,1,1,1,0,4197176,4051826,Down
Empty Land,0,Residence,Registrable,678600,12,3,1,7,1,0,8,1,0,0,35160743,35049217,Down
Empty Land,0,Residence,Documented,321997,1,2,1,4,1,0,10,0,0,1,16791540,16676434,Down
Villa,0,Residence,Documented,637920,7,6,0,1,1,1,5,0,0,1,32765388,32627245,Down
Flat,23,Non-Residence,Registrable,188104,3,2,1,1,1,0,6,1,1,1,10322634,10219159,Down
Apartment,24,Residence,Registrable,540840,14,5,1,9,1,0,6,0,1,1,28599184,28491983,Down
Empty Land,0,Residence,Registrable,101189,6,2,1,4,1,0,1,1,1,0,5850192,5772235,Down
House,1,Non-Residence,Documented,702936,2,3,1,2,0,0,3,1,1,1,35839541,35693727,Down
Apartment,26,Residence,Documented,447136,9,3,1,9,0,0,6,1,1,1,23658940,23552697,Down
House,2,Non-Residence,Registrable,656531,1,6,1,2,1,1,9,0,0,0,33635904,33512152,Down
Villa,0,Non-Residence,Registrable,262807,6,6,1,7,0,0,6,1,1,0,14171430,14045888,Down
Apartment,3,Non-Residence,Documented,304068,6,3,0,6,1,1,6,0,0,0,16063427,15979434,Down
Flat,17,Residence,Registrable,503254,5,3,0,0,0,1,1,0,1,0,25861127,25777111,Down
Building,11,Residence,Documented,464047,13,1,1,4,1,1,9,1,1,1,24486446,24411092,Down
Apartment,4,Non-Residence,Documented,404350,5,7,0,8,0,0,4,1,1,0,21134603,21035966,Down
Empty Land,0,Residence,Registrable,136370,1,8,1,3,1,0,2,1,0,1,7624118,7489356,Down
Empty Land,0,Non-Residence,Documented,285064,10,2,1,0,0,0,1,1,1,1,15140252,15006750,Down
